NUETPUS,194913,0,5,Electricity Net Generation From Nuclear Electric Power, All Sectors,Million Kilowatthours
NUETPUS,195013,0,5,Electricity Net Generation From Nuclear Electric Power, All Sectors,Million Kilowatthours
NUETPUS,195113,0,5,Electricity Net Generation From Nuclear Electric Power, All Sectors,Million Kilowatthours
NUETPUS,195213,0,5,Electricity Net Generation From Nuclear Electric Power, All Sectors,Million Kilowatthours
NUETPUS,195313,0,5,Electricity Net Generation From Nuclear Electric Power, All Sectors,Million Kilowatthours
NUETPUS,195413,0,5,Electricity Net Generation From Nuclear Electric Power, All Sectors,Million Kilowatthours
NUETPUS,195513,0,5,Electricity Net Generation From Nuclear Electric Power, All Sectors,Million Kilowatthours
NUETPUS,195613,0,5,Electricity Net Generation From Nuclear Electric Power, All Sectors,Million Kilowatthours
NUETPUS,195713,9.67,5,Electricity Net Generation From Nuclear Electric Power, All Sectors,Million Kilowatthours
NUETPUS,195813,164.691,5,Electricity Net Generation From Nuclear Electric Power, All Sectors,Million Kilowatthours
NUETPUS,195913,188.101,5,Electricity Net Generation From Nuclear Electric Power, All Sectors,Million Kilowatthours
NUETPUS,196013,518.182,5,Electricity Net Generation From Nuclear Electric Power, All Sectors,Million Kilowatthours
NUETPUS,196113,1692.149,5,Electricity Net Generation From Nuclear Electric Power, All Sectors,Million Kilowatthours
NUETPUS,196213,2269.685,5,Electricity Net Generation From Nuclear Electric Power, All Sectors,Million Kilowatthours
NUETPUS,196313,3211.836,5,Electricity Net Generation From Nuclear Electric Power, All Sectors,Million Kilowatthours
NUETPUS,196413,3342.743,5,Electricity Net Generation From Nuclear Electric Power, All Sectors,Million Kilowatthours
NUETPUS,196513,3656.699,5,Electricity Net Generation From Nuclear Electric Power, All Sectors,Million Kilowatthours
NUETPUS,196613,5519.909,5,Electricity Net Generation From Nuclear Electric Power, All Sectors,Million Kilowatthours
NUETPUS,196713,7655.214,5,Electricity Net Generation From Nuclear Electric Power, All Sectors,Million Kilowatthours
NUETPUS,196813,12528.419,5,Electricity Net Generation From Nuclear Electric Power, All Sectors,Million Kilowatthours
NUETPUS,196913,13927.839,5,Electricity Net Generation From Nuclear Electric Power, All Sectors,Million Kilowatthours
NUETPUS,197013,21804.448,5,Electricity Net Generation From Nuclear Electric Power, All Sectors,Million Kilowatthours
NUETPUS,197113,38104.545,5,Electricity Net Generation From Nuclear Electric Power, All Sectors,Million Kilowatthours
NUETPUS,197213,54091.135,5,Electricity Net Generation From Nuclear Electric Power, All Sectors,Million Kilowatthours
NUETPUS,197301,6246.251,5,Electricity Net Generation From Nuclear Electric Power, All Sectors,Million Kilowatthours
NUETPUS,197302,5928.069,5,Electricity Net Generation From Nuclear Electric Power, All Sectors,Million Kilowatthours
NUETPUS,197303,6649.007,5,Electricity Net Generation From Nuclear Electric Power, All Sectors,Million Kilowatthours
NUETPUS,197304,5876.392,5,Electricity Net Generation From Nuclear Electric Power, All Sectors,Million Kilowatthours
NUETPUS,197305,5696.657,5,Electricity Net Generation From Nuclear Electric Power, All Sectors,Million Kilowatthours
NUETPUS,197306,6784.152,5,Electricity Net Generation From Nuclear Electric Power, All Sectors,Million Kilowatthours
NUETPUS,197307,6960.486,5,Electricity Net Generation From Nuclear Electric Power, All Sectors,Million Kilowatthours
NUETPUS,197308,7785.326,5,Electricity Net Generation From Nuclear Electric Power, All Sectors,Million Kilowatthours
NUETPUS,197309,7862.383,5,Electricity Net Generation From Nuclear Electric Power, All Sectors,Million Kilowatthours
NUETPUS,197310,7518.195,5,Electricity Net Generation From Nuclear Electric Power, All Sectors,Million Kilowatthours
NUETPUS,197311,8142.033,5,Electricity Net Generation From Nuclear Electric Power, All Sectors,Million Kilowatthours
NUETPUS,197312,8030.511,5,Electricity Net Generation From Nuclear Electric Power, All Sectors,Million Kilowatthours
NUETPUS,197313,83479.463,5,Electricity Net Generation From Nuclear Electric Power, All Sectors,Million Kilowatthours
NUETPUS,197401,7602.79,5,Electricity Net Generation From Nuclear Electric Power, All Sectors,Million Kilowatthours
NUETPUS,197402,8115.522,5,Electricity Net Generation From Nuclear Electric Power, All Sectors,Million Kilowatthours
NUETPUS,197403,8777.497,5,Electricity Net Generation From Nuclear Electric Power, All Sectors,Million Kilowatthours
NUETPUS,197404,7128.892,5,Electricity Net Generation From Nuclear Electric Power, All Sectors,Million Kilowatthours
NUETPUS,197405,6562.335,5,Electricity Net Generation From Nuclear Electric Power, All Sectors,Million Kilowatthours
NUETPUS,197406,7079.595,5,Electricity Net Generation From Nuclear Electric Power, All Sectors,Million Kilowatthours
NUETPUS,197407,10209.908,5,Electricity Net Generation From Nuclear Electric Power, All Sectors,Million Kilowatthours
NUETPUS,197408,12333.452,5,Electricity Net Generation From Nuclear Electric Power, All Sectors,Million Kilowatthours
NUETPUS,197409,11009.752,5,Electricity Net Generation From Nuclear Electric Power, All Sectors,Million Kilowatthours
NUETPUS,197410,10863.505,5,Electricity Net Generation From Nuclear Electric Power, All Sectors,Million Kilowatthours
NUETPUS,197411,11004.327,5,Electricity Net Generation From Nuclear Electric Power, All Sectors,Million Kilowatthours
NUETPUS,197412,13288.168,5,Electricity Net Generation From Nuclear Electric Power, All Sectors,Million Kilowatthours
NUETPUS,197413,113975.74,5,Electricity Net Generation From Nuclear Electric Power, All Sectors,Million Kilowatthours
NUETPUS,197501,13938.354,5,Electricity Net Generation From Nuclear Electric Power, All Sectors,Million Kilowatthours
NUETPUS,197502,12733.338,5,Electricity Net Generation From Nuclear Electric Power, All Sectors,Million Kilowatthours
NUETPUS,197503,14881.784,5,Electricity Net Generation From Nuclear Electric Power, All Sectors,Million Kilowatthours
NUETPUS,197504,13327.245,5,Electricity Net Generation From Nuclear Electric Power, All Sectors,Million Kilowatthours
NUETPUS,197505,13763.765,5,Electricity Net Generation From Nuclear Electric Power, All Sectors,Million Kilowatthours
NUETPUS,197506,12743.82,5,Electricity Net Generation From Nuclear Electric Power, All Sectors,Million Kilowatthours
NUETPUS,197507,15372.216,5,Electricity Net Generation From Nuclear Electric Power, All Sectors,Million Kilowatthours
NUETPUS,197508,15879.687,5,Electricity Net Generation From Nuclear Electric Power, All Sectors,Million Kilowatthours
NUETPUS,197509,14396.011,5,Electricity Net Generation From Nuclear Electric Power, All Sectors,Million Kilowatthours
NUETPUS,197510,14626.168,5,Electricity Net Generation From Nuclear Electric Power, All Sectors,Million Kilowatthours
NUETPUS,197511,14164.018,5,Electricity Net Generation From Nuclear Electric Power, All Sectors,Million Kilowatthours
NUETPUS,197512,16678.669,5,Electricity Net Generation From Nuclear Electric Power, All Sectors,Million Kilowatthours
NUETPUS,197513,172505.075,5,Electricity Net Generation From Nuclear Electric Power, All Sectors,Million Kilowatthours
NUETPUS,197601,16098.884,5,Electricity Net Generation From Nuclear Electric Power, All Sectors,Million Kilowatthours
NUETPUS,197602,14377.127,5,Electricity Net Generation From Nuclear Electric Power, All Sectors,Million Kilowatthours
NUETPUS,197603,13992.977,5,Electricity Net Generation From Nuclear Electric Power, All Sectors,Million Kilowatthours
NUETPUS,197604,10981.808,5,Electricity Net Generation From Nuclear Electric Power, All Sectors,Million Kilowatthours
NUETPUS,197605,11929.39,5,Electricity Net Generation From Nuclear Electric Power, All Sectors,Million Kilowatthours
NUETPUS,197606,15757.435,5,Electricity Net Generation From Nuclear Electric Power, All Sectors,Million Kilowatthours
NUETPUS,197607,17708.727,5,Electricity Net Generation From Nuclear Electric Power, All Sectors,Million Kilowatthours
NUETPUS,197608,18362.58,5,Electricity Net Generation From Nuclear Electric Power, All Sectors,Million Kilowatthours
NUETPUS,197609,17290.311,5,Electricity Net Generation From Nuclear Electric Power, All Sectors,Million Kilowatthours
NUETPUS,197610,17355.218,5,Electricity Net Generation From Nuclear Electric Power, All Sectors,Million Kilowatthours
NUETPUS,197611,16134.204,5,Electricity Net Generation From Nuclear Electric Power, All Sectors,Million Kilowatthours
NUETPUS,197612,21114.871,5,Electricity Net Generation From Nuclear Electric Power, All Sectors,Million Kilowatthours
NUETPUS,197613,191103.531,5,Electricity Net Generation From Nuclear Electric Power, All Sectors,Million Kilowatthours
NUETPUS,197701,22152.064,5,Electricity Net Generation From Nuclear Electric Power, All Sectors,Million Kilowatthours
NUETPUS,197702,19600.518,5,Electricity Net Generation From Nuclear Electric Power, All Sectors,Million Kilowatthours
NUETPUS,197703,20672.203,5,Electricity Net Generation From Nuclear Electric Power, All Sectors,Million Kilowatthours
NUETPUS,197704,19866.564,5,Electricity Net Generation From Nuclear Electric Power, All Sectors,Million Kilowatthours
NUETPUS,197705,20599.284,5,Electricity Net Generation From Nuclear Electric Power, All Sectors,Million Kilowatthours
NUETPUS,197706,21517.301,5,Electricity Net Generation From Nuclear Electric Power, All Sectors,Million Kilowatthours
NUETPUS,197707,21824.835,5,Electricity Net Generation From Nuclear Electric Power, All Sectors,Million Kilowatthours
NUETPUS,197708,22749.668,5,Electricity Net Generation From Nuclear Electric Power, All Sectors,Million Kilowatthours
NUETPUS,197709,19629.992,5,Electricity Net Generation From Nuclear Electric Power, All Sectors,Million Kilowatthours
NUETPUS,197710,19041.045,5,Electricity Net Generation From Nuclear Electric Power, All Sectors,Million Kilowatthours
NUETPUS,197711,19458.412,5,Electricity Net Generation From Nuclear Electric Power, All Sectors,Million Kilowatthours
NUETPUS,197712,23771.398,5,Electricity Net Generation From Nuclear Electric Power, All Sectors,Million Kilowatthours
NUETPUS,197713,250883.283,5,Electricity Net Generation From Nuclear Electric Power, All Sectors,Million Kilowatthours
NUETPUS,197801,25832.949,5,Electricity Net Generation From Nuclear Electric Power, All Sectors,Million Kilowatthours
NUETPUS,197802,21832.5,5,Electricity Net Generation From Nuclear Electric Power, All Sectors,Million Kilowatthours
NUETPUS,197803,22448.665,5,Electricity Net Generation From Nuclear Electric Power, All Sectors,Million Kilowatthours
NUETPUS,197804,17579.902,5,Electricity Net Generation From Nuclear Electric Power, All Sectors,Million Kilowatthours
NUETPUS,197805,20416.17,5,Electricity Net Generation From Nuclear Electric Power, All Sectors,Million Kilowatthours
NUETPUS,197806,22185.187,5,Electricity Net Generation From Nuclear Electric Power, All Sectors,Million Kilowatthours
NUETPUS,197807,25007.094,5,Electricity Net Generation From Nuclear Electric Power, All Sectors,Million Kilowatthours
NUETPUS,197808,25599.306,5,Electricity Net Generation From Nuclear Electric Power, All Sectors,Million Kilowatthours
NUETPUS,197809,22188.917,5,Electricity Net Generation From Nuclear Electric Power, All Sectors,Million Kilowatthours
NUETPUS,197810,22996.549,5,Electricity Net Generation From Nuclear Electric Power, All Sectors,Million Kilowatthours
NUETPUS,197811,24900.669,5,Electricity Net Generation From Nuclear Electric Power, All Sectors,Million Kilowatthours
NUETPUS,197812,25415.16,5,Electricity Net Generation From Nuclear Electric Power, All Sectors,Million Kilowatthours
NUETPUS,197813,276403.07,5,Electricity Net Generation From Nuclear Electric Power, All Sectors,Million Kilowatthours
NUETPUS,197901,27792.163,5,Electricity Net Generation From Nuclear Electric Power, All Sectors,Million Kilowatthours
NUETPUS,197902,25910.788,5,Electricity Net Generation From Nuclear Electric Power, All Sectors,Million Kilowatthours
NUETPUS,197903,24334.822,5,Electricity Net Generation From Nuclear Electric Power, All Sectors,Million Kilowatthours
NUETPUS,197904,18417.942,5,Electricity Net Generation From Nuclear Electric Power, All Sectors,Million Kilowatthours
NUETPUS,197905,15024.851,5,Electricity Net Generation From Nuclear Electric Power, All Sectors,Million Kilowatthours
NUETPUS,197906,16065.455,5,Electricity Net Generation From Nuclear Electric Power, All Sectors,Million Kilowatthours
NUETPUS,197907,20824.729,5,Electricity Net Generation From Nuclear Electric Power, All Sectors,Million Kilowatthours
NUETPUS,197908,24204.083,5,Electricity Net Generation From Nuclear Electric Power, All Sectors,Million Kilowatthours
NUETPUS,197909,21803.87,5,Electricity Net Generation From Nuclear Electric Power, All Sectors,Million Kilowatthours
NUETPUS,197910,20934.359,5,Electricity Net Generation From Nuclear Electric Power, All Sectors,Million Kilowatthours
NUETPUS,197911,19255.175,5,Electricity Net Generation From Nuclear Electric Power, All Sectors,Million Kilowatthours
NUETPUS,197912,20586.386,5,Electricity Net Generation From Nuclear Electric Power, All Sectors,Million Kilowatthours
NUETPUS,197913,255154.623,5,Electricity Net Generation From Nuclear Electric Power, All Sectors,Million Kilowatthours
NUETPUS,198001,19745.966,5,Electricity Net Generation From Nuclear Electric Power, All Sectors,Million Kilowatthours
NUETPUS,198002,19277.338,5,Electricity Net Generation From Nuclear Electric Power, All Sectors,Million Kilowatthours
NUETPUS,198003,20038.872,5,Electricity Net Generation From Nuclear Electric Power, All Sectors,Million Kilowatthours
NUETPUS,198004,18793.503,5,Electricity Net Generation From Nuclear Electric Power, All Sectors,Million Kilowatthours
NUETPUS,198005,18384.807,5,Electricity Net Generation From Nuclear Electric Power, All Sectors,Million Kilowatthours
NUETPUS,198006,18322.206,5,Electricity Net Generation From Nuclear Electric Power, All Sectors,Million Kilowatthours
NUETPUS,198007,21023.937,5,Electricity Net Generation From Nuclear Electric Power, All Sectors,Million Kilowatthours
NUETPUS,198008,24332.931,5,Electricity Net Generation From Nuclear Electric Power, All Sectors,Million Kilowatthours
NUETPUS,198009,23572.294,5,Electricity Net Generation From Nuclear Electric Power, All Sectors,Million Kilowatthours
NUETPUS,198010,24509.631,5,Electricity Net Generation From Nuclear Electric Power, All Sectors,Million Kilowatthours
NUETPUS,198011,20983.909,5,Electricity Net Generation From Nuclear Electric Power, All Sectors,Million Kilowatthours
NUETPUS,198012,22130.182,5,Electricity Net Generation From Nuclear Electric Power, All Sectors,Million Kilowatthours
NUETPUS,198013,251115.575,5,Electricity Net Generation From Nuclear Electric Power, All Sectors,Million Kilowatthours
NUETPUS,198101,23778.769,5,Electricity Net Generation From Nuclear Electric Power, All Sectors,Million Kilowatthours
NUETPUS,198102,21595.261,5,Electricity Net Generation From Nuclear Electric Power, All Sectors,Million Kilowatthours
NUETPUS,198103,22004.399,5,Electricity Net Generation From Nuclear Electric Power, All Sectors,Million Kilowatthours
NUETPUS,198104,20646.019,5,Electricity Net Generation From Nuclear Electric Power, All Sectors,Million Kilowatthours
NUETPUS,198105,19723.09,5,Electricity Net Generation From Nuclear Electric Power, All Sectors,Million Kilowatthours
NUETPUS,198106,21165.626,5,Electricity Net Generation From Nuclear Electric Power, All Sectors,Million Kilowatthours
NUETPUS,198107,23079.647,5,Electricity Net Generation From Nuclear Electric Power, All Sectors,Million Kilowatthours
NUETPUS,198108,26946.387,5,Electricity Net Generation From Nuclear Electric Power, All Sectors,Million Kilowatthours
NUETPUS,198109,24398.455,5,Electricity Net Generation From Nuclear Electric Power, All Sectors,Million Kilowatthours
NUETPUS,198110,20555.822,5,Electricity Net Generation From Nuclear Electric Power, All Sectors,Million Kilowatthours
NUETPUS,198111,22783.424,5,Electricity Net Generation From Nuclear Electric Power, All Sectors,Million Kilowatthours
NUETPUS,198112,25996.603,5,Electricity Net Generation From Nuclear Electric Power, All Sectors,Million Kilowatthours
NUETPUS,198113,272673.503,5,Electricity Net Generation From Nuclear Electric Power, All Sectors,Million Kilowatthours
NUETPUS,198201,25677.834,5,Electricity Net Generation From Nuclear Electric Power, All Sectors,Million Kilowatthours
NUETPUS,198202,20187.619,5,Electricity Net Generation From Nuclear Electric Power, All Sectors,Million Kilowatthours
NUETPUS,198203,22755.478,5,Electricity Net Generation From Nuclear Electric Power, All Sectors,Million Kilowatthours
NUETPUS,198204,21784.661,5,Electricity Net Generation From Nuclear Electric Power, All Sectors,Million Kilowatthours
NUETPUS,198205,21638.768,5,Electricity Net Generation From Nuclear Electric Power, All Sectors,Million Kilowatthours
NUETPUS,198206,24026.011,5,Electricity Net Generation From Nuclear Electric Power, All Sectors,Million Kilowatthours
NUETPUS,198207,25467.06,5,Electricity Net Generation From Nuclear Electric Power, All Sectors,Million Kilowatthours
NUETPUS,198208,24986.071,5,Electricity Net Generation From Nuclear Electric Power, All Sectors,Million Kilowatthours
NUETPUS,198209,25390.532,5,Electricity Net Generation From Nuclear Electric Power, All Sectors,Million Kilowatthours
NUETPUS,198210,23247.7,5,Electricity Net Generation From Nuclear Electric Power, All Sectors,Million Kilowatthours
NUETPUS,198211,23235.022,5,Electricity Net Generation From Nuclear Electric Power, All Sectors,Million Kilowatthours
NUETPUS,198212,24376.491,5,Electricity Net Generation From Nuclear Electric Power, All Sectors,Million Kilowatthours
NUETPUS,198213,282773.248,5,Electricity Net Generation From Nuclear Electric Power, All Sectors,Million Kilowatthours
NUETPUS,198301,25073.059,5,Electricity Net Generation From Nuclear Electric Power, All Sectors,Million Kilowatthours
NUETPUS,198302,22197.767,5,Electricity Net Generation From Nuclear Electric Power, All Sectors,Million Kilowatthours
NUETPUS,198303,23890.193,5,Electricity Net Generation From Nuclear Electric Power, All Sectors,Million Kilowatthours
NUETPUS,198304,22334.793,5,Electricity Net Generation From Nuclear Electric Power, All Sectors,Million Kilowatthours
NUETPUS,198305,22050.937,5,Electricity Net Generation From Nuclear Electric Power, All Sectors,Million Kilowatthours
NUETPUS,198306,24151.858,5,Electricity Net Generation From Nuclear Electric Power, All Sectors,Million Kilowatthours
NUETPUS,198307,25602.084,5,Electricity Net Generation From Nuclear Electric Power, All Sectors,Million Kilowatthours
NUETPUS,198308,26201.317,5,Electricity Net Generation From Nuclear Electric Power, All Sectors,Million Kilowatthours
NUETPUS,198309,25007.372,5,Electricity Net Generation From Nuclear Electric Power, All Sectors,Million Kilowatthours
NUETPUS,198310,25796.805,5,Electricity Net Generation From Nuclear Electric Power, All Sectors,Million Kilowatthours
NUETPUS,198311,25010.113,5,Electricity Net Generation From Nuclear Electric Power, All Sectors,Million Kilowatthours
NUETPUS,198312,26360.821,5,Electricity Net Generation From Nuclear Electric Power, All Sectors,Million Kilowatthours
NUETPUS,198313,293677.119,5,Electricity Net Generation From Nuclear Electric Power, All Sectors,Million Kilowatthours
NUETPUS,198401,29313.313,5,Electricity Net Generation From Nuclear Electric Power, All Sectors,Million Kilowatthours
NUETPUS,198402,28435.519,5,Electricity Net Generation From Nuclear Electric Power, All Sectors,Million Kilowatthours
NUETPUS,198403,27344.704,5,Electricity Net Generation From Nuclear Electric Power, All Sectors,Million Kilowatthours
NUETPUS,198404,24231.118,5,Electricity Net Generation From Nuclear Electric Power, All Sectors,Million Kilowatthours
NUETPUS,198405,25866.506,5,Electricity Net Generation From Nuclear Electric Power, All Sectors,Million Kilowatthours
NUETPUS,198406,25299.389,5,Electricity Net Generation From Nuclear Electric Power, All Sectors,Million Kilowatthours
NUETPUS,198407,28284.305,5,Electricity Net Generation From Nuclear Electric Power, All Sectors,Million Kilowatthours
NUETPUS,198408,29493.032,5,Electricity Net Generation From Nuclear Electric Power, All Sectors,Million Kilowatthours
NUETPUS,198409,29145.7,5,Electricity Net Generation From Nuclear Electric Power, All Sectors,Million Kilowatthours
NUETPUS,198410,24773.645,5,Electricity Net Generation From Nuclear Electric Power, All Sectors,Million Kilowatthours
NUETPUS,198411,24574.563,5,Electricity Net Generation From Nuclear Electric Power, All Sectors,Million Kilowatthours
NUETPUS,198412,30871.754,5,Electricity Net Generation From Nuclear Electric Power, All Sectors,Million Kilowatthours
NUETPUS,198413,327633.549,5,Electricity Net Generation From Nuclear Electric Power, All Sectors,Million Kilowatthours
NUETPUS,198501,36186.298,5,Electricity Net Generation From Nuclear Electric Power, All Sectors,Million Kilowatthours
NUETPUS,198502,30812.422,5,Electricity Net Generation From Nuclear Electric Power, All Sectors,Million Kilowatthours
NUETPUS,198503,31041.225,5,Electricity Net Generation From Nuclear Electric Power, All Sectors,Million Kilowatthours
NUETPUS,198504,26458.274,5,Electricity Net Generation From Nuclear Electric Power, All Sectors,Million Kilowatthours
NUETPUS,198505,28697.365,5,Electricity Net Generation From Nuclear Electric Power, All Sectors,Million Kilowatthours
NUETPUS,198506,30836.969,5,Electricity Net Generation From Nuclear Electric Power, All Sectors,Million Kilowatthours
NUETPUS,198507,35184.214,5,Electricity Net Generation From Nuclear Electric Power, All Sectors,Million Kilowatthours
NUETPUS,198508,34812.142,5,Electricity Net Generation From Nuclear Electric Power, All Sectors,Million Kilowatthours
NUETPUS,198509,34507.709,5,Electricity Net Generation From Nuclear Electric Power, All Sectors,Million Kilowatthours
NUETPUS,198510,31205.154,5,Electricity Net Generation From Nuclear Electric Power, All Sectors,Million Kilowatthours
NUETPUS,198511,30166.489,5,Electricity Net Generation From Nuclear Electric Power, All Sectors,Million Kilowatthours
NUETPUS,198512,33782.468,5,Electricity Net Generation From Nuclear Electric Power, All Sectors,Million Kilowatthours
NUETPUS,198513,383690.727,5,Electricity Net Generation From Nuclear Electric Power, All Sectors,Million Kilowatthours
NUETPUS,198601,36218.874,5,Electricity Net Generation From Nuclear Electric Power, All Sectors,Million Kilowatthours
NUETPUS,198602,32721.017,5,Electricity Net Generation From Nuclear Electric Power, All Sectors,Million Kilowatthours
NUETPUS,198603,30773.127,5,Electricity Net Generation From Nuclear Electric Power, All Sectors,Million Kilowatthours
NUETPUS,198604,30476.66,5,Electricity Net Generation From Nuclear Electric Power, All Sectors,Million Kilowatthours
NUETPUS,198605,31924.086,5,Electricity Net Generation From Nuclear Electric Power, All Sectors,Million Kilowatthours
NUETPUS,198606,31333.867,5,Electricity Net Generation From Nuclear Electric Power, All Sectors,Million Kilowatthours
NUETPUS,198607,35893.532,5,Electricity Net Generation From Nuclear Electric Power, All Sectors,Million Kilowatthours
NUETPUS,198608,37483.147,5,Electricity Net Generation From Nuclear Electric Power, All Sectors,Million Kilowatthours
NUETPUS,198609,36592.616,5,Electricity Net Generation From Nuclear Electric Power, All Sectors,Million Kilowatthours
NUETPUS,198610,36213.556,5,Electricity Net Generation From Nuclear Electric Power, All Sectors,Million Kilowatthours
NUETPUS,198611,34944.105,5,Electricity Net Generation From Nuclear Electric Power, All Sectors,Million Kilowatthours
NUETPUS,198612,39463.476,5,Electricity Net Generation From Nuclear Electric Power, All Sectors,Million Kilowatthours
NUETPUS,198613,414038.063,5,Electricity Net Generation From Nuclear Electric Power, All Sectors,Million Kilowatthours
NUETPUS,198701,39974.825,5,Electricity Net Generation From Nuclear Electric Power, All Sectors,Million Kilowatthours
NUETPUS,198702,36598.257,5,Electricity Net Generation From Nuclear Electric Power, All Sectors,Million Kilowatthours
NUETPUS,198703,37290.006,5,Electricity Net Generation From Nuclear Electric Power, All Sectors,Million Kilowatthours
NUETPUS,198704,33517.74,5,Electricity Net Generation From Nuclear Electric Power, All Sectors,Million Kilowatthours
NUETPUS,198705,34320.408,5,Electricity Net Generation From Nuclear Electric Power, All Sectors,Million Kilowatthours
NUETPUS,198706,36560.089,5,Electricity Net Generation From Nuclear Electric Power, All Sectors,Million Kilowatthours
NUETPUS,198707,40055.583,5,Electricity Net Generation From Nuclear Electric Power, All Sectors,Million Kilowatthours
NUETPUS,198708,41352.353,5,Electricity Net Generation From Nuclear Electric Power, All Sectors,Million Kilowatthours
NUETPUS,198709,39665.826,5,Electricity Net Generation From Nuclear Electric Power, All Sectors,Million Kilowatthours
NUETPUS,198710,36491.544,5,Electricity Net Generation From Nuclear Electric Power, All Sectors,Million Kilowatthours
NUETPUS,198711,37437.67,5,Electricity Net Generation From Nuclear Electric Power, All Sectors,Million Kilowatthours
NUETPUS,198712,42006.081,5,Electricity Net Generation From Nuclear Electric Power, All Sectors,Million Kilowatthours
NUETPUS,198713,455270.382,5,Electricity Net Generation From Nuclear Electric Power, All Sectors,Million Kilowatthours
NUETPUS,198801,44658.45,5,Electricity Net Generation From Nuclear Electric Power, All Sectors,Million Kilowatthours
NUETPUS,198802,42246.023,5,Electricity Net Generation From Nuclear Electric Power, All Sectors,Million Kilowatthours
NUETPUS,198803,43912.016,5,Electricity Net Generation From Nuclear Electric Power, All Sectors,Million Kilowatthours
NUETPUS,198804,40066.609,5,Electricity Net Generation From Nuclear Electric Power, All Sectors,Million Kilowatthours
NUETPUS,198805,40650.384,5,Electricity Net Generation From Nuclear Electric Power, All Sectors,Million Kilowatthours
NUETPUS,198806,44079.082,5,Electricity Net Generation From Nuclear Electric Power, All Sectors,Million Kilowatthours
NUETPUS,198807,49828.437,5,Electricity Net Generation From Nuclear Electric Power, All Sectors,Million Kilowatthours
NUETPUS,198808,49035.279,5,Electricity Net Generation From Nuclear Electric Power, All Sectors,Million Kilowatthours
NUETPUS,198809,46270.481,5,Electricity Net Generation From Nuclear Electric Power, All Sectors,Million Kilowatthours
NUETPUS,198810,42591.127,5,Electricity Net Generation From Nuclear Electric Power, All Sectors,Million Kilowatthours
NUETPUS,198811,39583.296,5,Electricity Net Generation From Nuclear Electric Power, All Sectors,Million Kilowatthours
NUETPUS,198812,44051.863,5,Electricity Net Generation From Nuclear Electric Power, All Sectors,Million Kilowatthours
NUETPUS,198813,526973.047,5,Electricity Net Generation From Nuclear Electric Power, All Sectors,Million Kilowatthours
NUETPUS,198901,46327.876,5,Electricity Net Generation From Nuclear Electric Power, All Sectors,Million Kilowatthours
NUETPUS,198902,38724.747,5,Electricity Net Generation From Nuclear Electric Power, All Sectors,Million Kilowatthours
NUETPUS,198903,39636.347,5,Electricity Net Generation From Nuclear Electric Power, All Sectors,Million Kilowatthours
NUETPUS,198904,33494.851,5,Electricity Net Generation From Nuclear Electric Power, All Sectors,Million Kilowatthours
NUETPUS,198905,38338.755,5,Electricity Net Generation From Nuclear Electric Power, All Sectors,Million Kilowatthours
NUETPUS,198906,42976.005,5,Electricity Net Generation From Nuclear Electric Power, All Sectors,Million Kilowatthours
NUETPUS,198907,52331.024,5,Electricity Net Generation From Nuclear Electric Power, All Sectors,Million Kilowatthours
NUETPUS,198908,54947.688,5,Electricity Net Generation From Nuclear Electric Power, All Sectors,Million Kilowatthours
NUETPUS,198909,44836.739,5,Electricity Net Generation From Nuclear Electric Power, All Sectors,Million Kilowatthours
NUETPUS,198910,43557.735,5,Electricity Net Generation From Nuclear Electric Power, All Sectors,Million Kilowatthours
NUETPUS,198911,43399.433,5,Electricity Net Generation From Nuclear Electric Power, All Sectors,Million Kilowatthours
NUETPUS,198912,50783.516,5,Electricity Net Generation From Nuclear Electric Power, All Sectors,Million Kilowatthours
NUETPUS,198913,529354.717,5,Electricity Net Generation From Nuclear Electric Power, All Sectors,Million Kilowatthours
NUETPUS,199001,55119.378,5,Electricity Net Generation From Nuclear Electric Power, All Sectors,Million Kilowatthours
NUETPUS,199002,49962.644,5,Electricity Net Generation From Nuclear Electric Power, All Sectors,Million Kilowatthours
NUETPUS,199003,46087.114,5,Electricity Net Generation From Nuclear Electric Power, All Sectors,Million Kilowatthours
NUETPUS,199004,38516.014,5,Electricity Net Generation From Nuclear Electric Power, All Sectors,Million Kilowatthours
NUETPUS,199005,42945.119,5,Electricity Net Generation From Nuclear Electric Power, All Sectors,Million Kilowatthours
NUETPUS,199006,46332.308,5,Electricity Net Generation From Nuclear Electric Power, All Sectors,Million Kilowatthours
NUETPUS,199007,53644.726,5,Electricity Net Generation From Nuclear Electric Power, All Sectors,Million Kilowatthours
NUETPUS,199008,55758.133,5,Electricity Net Generation From Nuclear Electric Power, All Sectors,Million Kilowatthours
NUETPUS,199009,48484.924,5,Electricity Net Generation From Nuclear Electric Power, All Sectors,Million Kilowatthours
NUETPUS,199010,43395.118,5,Electricity Net Generation From Nuclear Electric Power, All Sectors,Million Kilowatthours
NUETPUS,199011,45034.367,5,Electricity Net Generation From Nuclear Electric Power, All Sectors,Million Kilowatthours
NUETPUS,199012,51581.833,5,Electricity Net Generation From Nuclear Electric Power, All Sectors,Million Kilowatthours
NUETPUS,199013,576861.678,5,Electricity Net Generation From Nuclear Electric Power, All Sectors,Million Kilowatthours
NUETPUS,199101,54368.993,5,Electricity Net Generation From Nuclear Electric Power, All Sectors,Million Kilowatthours
NUETPUS,199102,47862.642,5,Electricity Net Generation From Nuclear Electric Power, All Sectors,Million Kilowatthours
NUETPUS,199103,49121.188,5,Electricity Net Generation From Nuclear Electric Power, All Sectors,Million Kilowatthours
NUETPUS,199104,41631.054,5,Electricity Net Generation From Nuclear Electric Power, All Sectors,Million Kilowatthours
NUETPUS,199105,46754.597,5,Electricity Net Generation From Nuclear Electric Power, All Sectors,Million Kilowatthours
NUETPUS,199106,54208.487,5,Electricity Net Generation From Nuclear Electric Power, All Sectors,Million Kilowatthours
NUETPUS,199107,60734.6,5,Electricity Net Generation From Nuclear Electric Power, All Sectors,Million Kilowatthours
NUETPUS,199108,58472.648,5,Electricity Net Generation From Nuclear Electric Power, All Sectors,Million Kilowatthours
NUETPUS,199109,51873.616,5,Electricity Net Generation From Nuclear Electric Power, All Sectors,Million Kilowatthours
NUETPUS,199110,47652.637,5,Electricity Net Generation From Nuclear Electric Power, All Sectors,Million Kilowatthours
NUETPUS,199111,46295.177,5,Electricity Net Generation From Nuclear Electric Power, All Sectors,Million Kilowatthours
NUETPUS,199112,53589.448,5,Electricity Net Generation From Nuclear Electric Power, All Sectors,Million Kilowatthours
NUETPUS,199113,612565.087,5,Electricity Net Generation From Nuclear Electric Power, All Sectors,Million Kilowatthours
NUETPUS,199201,57848.681,5,Electricity Net Generation From Nuclear Electric Power, All Sectors,Million Kilowatthours
NUETPUS,199202,52803.662,5,Electricity Net Generation From Nuclear Electric Power, All Sectors,Million Kilowatthours
NUETPUS,199203,45835.381,5,Electricity Net Generation From Nuclear Electric Power, All Sectors,Million Kilowatthours
NUETPUS,199204,42267.583,5,Electricity Net Generation From Nuclear Electric Power, All Sectors,Million Kilowatthours
NUETPUS,199205,45627.313,5,Electricity Net Generation From Nuclear Electric Power, All Sectors,Million Kilowatthours
NUETPUS,199206,51185.047,5,Electricity Net Generation From Nuclear Electric Power, All Sectors,Million Kilowatthours
NUETPUS,199207,56048.753,5,Electricity Net Generation From Nuclear Electric Power, All Sectors,Million Kilowatthours
NUETPUS,199208,58655.626,5,Electricity Net Generation From Nuclear Electric Power, All Sectors,Million Kilowatthours
NUETPUS,199209,50919.47,5,Electricity Net Generation From Nuclear Electric Power, All Sectors,Million Kilowatthours
NUETPUS,199210,48783.96,5,Electricity Net Generation From Nuclear Electric Power, All Sectors,Million Kilowatthours
NUETPUS,199211,50725.542,5,Electricity Net Generation From Nuclear Electric Power, All Sectors,Million Kilowatthours
NUETPUS,199212,58075.245,5,Electricity Net Generation From Nuclear Electric Power, All Sectors,Million Kilowatthours
NUETPUS,199213,618776.263,5,Electricity Net Generation From Nuclear Electric Power, All Sectors,Million Kilowatthours
NUETPUS,199301,59076.169,5,Electricity Net Generation From Nuclear Electric Power, All Sectors,Million Kilowatthours
NUETPUS,199302,51319.099,5,Electricity Net Generation From Nuclear Electric Power, All Sectors,Million Kilowatthours
NUETPUS,199303,46605.706,5,Electricity Net Generation From Nuclear Electric Power, All Sectors,Million Kilowatthours
NUETPUS,199304,43198.624,5,Electricity Net Generation From Nuclear Electric Power, All Sectors,Million Kilowatthours
NUETPUS,199305,50366.855,5,Electricity Net Generation From Nuclear Electric Power, All Sectors,Million Kilowatthours
NUETPUS,199306,52620.167,5,Electricity Net Generation From Nuclear Electric Power, All Sectors,Million Kilowatthours
NUETPUS,199307,56502.161,5,Electricity Net Generation From Nuclear Electric Power, All Sectors,Million Kilowatthours
NUETPUS,199308,56208.868,5,Electricity Net Generation From Nuclear Electric Power, All Sectors,Million Kilowatthours
NUETPUS,199309,49988.643,5,Electricity Net Generation From Nuclear Electric Power, All Sectors,Million Kilowatthours
NUETPUS,199310,44434.321,5,Electricity Net Generation From Nuclear Electric Power, All Sectors,Million Kilowatthours
NUETPUS,199311,46862.472,5,Electricity Net Generation From Nuclear Electric Power, All Sectors,Million Kilowatthours
NUETPUS,199312,53108.129,5,Electricity Net Generation From Nuclear Electric Power, All Sectors,Million Kilowatthours
NUETPUS,199313,610291.214,5,Electricity Net Generation From Nuclear Electric Power, All Sectors,Million Kilowatthours
NUETPUS,199401,56846.753,5,Electricity Net Generation From Nuclear Electric Power, All Sectors,Million Kilowatthours
NUETPUS,199402,49821.381,5,Electricity Net Generation From Nuclear Electric Power, All Sectors,Million Kilowatthours
NUETPUS,199403,48969.479,5,Electricity Net Generation From Nuclear Electric Power, All Sectors,Million Kilowatthours
NUETPUS,199404,43192.096,5,Electricity Net Generation From Nuclear Electric Power, All Sectors,Million Kilowatthours
NUETPUS,199405,48525.043,5,Electricity Net Generation From Nuclear Electric Power, All Sectors,Million Kilowatthours
NUETPUS,199406,51751.052,5,Electricity Net Generation From Nuclear Electric Power, All Sectors,Million Kilowatthours
NUETPUS,199407,59122.618,5,Electricity Net Generation From Nuclear Electric Power, All Sectors,Million Kilowatthours
NUETPUS,199408,60104.031,5,Electricity Net Generation From Nuclear Electric Power, All Sectors,Million Kilowatthours
NUETPUS,199409,55628.189,5,Electricity Net Generation From Nuclear Electric Power, All Sectors,Million Kilowatthours
NUETPUS,199410,50702.568,5,Electricity Net Generation From Nuclear Electric Power, All Sectors,Million Kilowatthours
NUETPUS,199411,55279.658,5,Electricity Net Generation From Nuclear Electric Power, All Sectors,Million Kilowatthours
NUETPUS,199412,60496.964,5,Electricity Net Generation From Nuclear Electric Power, All Sectors,Million Kilowatthours
NUETPUS,199413,640439.832,5,Electricity Net Generation From Nuclear Electric Power, All Sectors,Million Kilowatthours
NUETPUS,199501,63341.706,5,Electricity Net Generation From Nuclear Electric Power, All Sectors,Million Kilowatthours
NUETPUS,199502,51858.111,5,Electricity Net Generation From Nuclear Electric Power, All Sectors,Million Kilowatthours
NUETPUS,199503,51879.92,5,Electricity Net Generation From Nuclear Electric Power, All Sectors,Million Kilowatthours
NUETPUS,199504,49320.883,5,Electricity Net Generation From Nuclear Electric Power, All Sectors,Million Kilowatthours
NUETPUS,199505,54386.954,5,Electricity Net Generation From Nuclear Electric Power, All Sectors,Million Kilowatthours
NUETPUS,199506,56380.848,5,Electricity Net Generation From Nuclear Electric Power, All Sectors,Million Kilowatthours
NUETPUS,199507,62037.146,5,Electricity Net Generation From Nuclear Electric Power, All Sectors,Million Kilowatthours
NUETPUS,199508,61660.819,5,Electricity Net Generation From Nuclear Electric Power, All Sectors,Million Kilowatthours
NUETPUS,199509,55689.862,5,Electricity Net Generation From Nuclear Electric Power, All Sectors,Million Kilowatthours
NUETPUS,199510,54293.47,5,Electricity Net Generation From Nuclear Electric Power, All Sectors,Million Kilowatthours
NUETPUS,199511,52708.355,5,Electricity Net Generation From Nuclear Electric Power, All Sectors,Million Kilowatthours
NUETPUS,199512,59844.049,5,Electricity Net Generation From Nuclear Electric Power, All Sectors,Million Kilowatthours
NUETPUS,199513,673402.123,5,Electricity Net Generation From Nuclear Electric Power, All Sectors,Million Kilowatthours
NUETPUS,199601,62941.562,5,Electricity Net Generation From Nuclear Electric Power, All Sectors,Million Kilowatthours
NUETPUS,199602,55927.692,5,Electricity Net Generation From Nuclear Electric Power, All Sectors,Million Kilowatthours
NUETPUS,199603,55473.88,5,Electricity Net Generation From Nuclear Electric Power, All Sectors,Million Kilowatthours
NUETPUS,199604,50325.24,5,Electricity Net Generation From Nuclear Electric Power, All Sectors,Million Kilowatthours
NUETPUS,199605,55636.922,5,Electricity Net Generation From Nuclear Electric Power, All Sectors,Million Kilowatthours
NUETPUS,199606,57497.751,5,Electricity Net Generation From Nuclear Electric Power, All Sectors,Million Kilowatthours
NUETPUS,199607,60953.431,5,Electricity Net Generation From Nuclear Electric Power, All Sectors,Million Kilowatthours
NUETPUS,199608,61476.508,5,Electricity Net Generation From Nuclear Electric Power, All Sectors,Million Kilowatthours
NUETPUS,199609,54592.87,5,Electricity Net Generation From Nuclear Electric Power, All Sectors,Million Kilowatthours
NUETPUS,199610,50612.356,5,Electricity Net Generation From Nuclear Electric Power, All Sectors,Million Kilowatthours
NUETPUS,199611,52131.809,5,Electricity Net Generation From Nuclear Electric Power, All Sectors,Million Kilowatthours
NUETPUS,199612,57158.525,5,Electricity Net Generation From Nuclear Electric Power, All Sectors,Million Kilowatthours
NUETPUS,199613,674728.546,5,Electricity Net Generation From Nuclear Electric Power, All Sectors,Million Kilowatthours
NUETPUS,199701,58914.427,5,Electricity Net Generation From Nuclear Electric Power, All Sectors,Million Kilowatthours
NUETPUS,199702,50657.615,5,Electricity Net Generation From Nuclear Electric Power, All Sectors,Million Kilowatthours
NUETPUS,199703,50414.084,5,Electricity Net Generation From Nuclear Electric Power, All Sectors,Million Kilowatthours
NUETPUS,199704,44882.839,5,Electricity Net Generation From Nuclear Electric Power, All Sectors,Million Kilowatthours
NUETPUS,199705,47031.786,5,Electricity Net Generation From Nuclear Electric Power, All Sectors,Million Kilowatthours
NUETPUS,199706,52094.784,5,Electricity Net Generation From Nuclear Electric Power, All Sectors,Million Kilowatthours
NUETPUS,199707,57352.132,5,Electricity Net Generation From Nuclear Electric Power, All Sectors,Million Kilowatthours
NUETPUS,199708,61083.7,5,Electricity Net Generation From Nuclear Electric Power, All Sectors,Million Kilowatthours
NUETPUS,199709,52586.11,5,Electricity Net Generation From Nuclear Electric Power, All Sectors,Million Kilowatthours
NUETPUS,199710,46981.239,5,Electricity Net Generation From Nuclear Electric Power, All Sectors,Million Kilowatthours
NUETPUS,199711,51188.914,5,Electricity Net Generation From Nuclear Electric Power, All Sectors,Million Kilowatthours
NUETPUS,199712,55456.541,5,Electricity Net Generation From Nuclear Electric Power, All Sectors,Million Kilowatthours
NUETPUS,199713,628644.171,5,Electricity Net Generation From Nuclear Electric Power, All Sectors,Million Kilowatthours
NUETPUS,199801,57888.88,5,Electricity Net Generation From Nuclear Electric Power, All Sectors,Million Kilowatthours
NUETPUS,199802,50998.718,5,Electricity Net Generation From Nuclear Electric Power, All Sectors,Million Kilowatthours
NUETPUS,199803,53711.047,5,Electricity Net Generation From Nuclear Electric Power, All Sectors,Million Kilowatthours
NUETPUS,199804,47502.988,5,Electricity Net Generation From Nuclear Electric Power, All Sectors,Million Kilowatthours
NUETPUS,199805,51496.327,5,Electricity Net Generation From Nuclear Electric Power, All Sectors,Million Kilowatthours
NUETPUS,199806,55731.853,5,Electricity Net Generation From Nuclear Electric Power, All Sectors,Million Kilowatthours
NUETPUS,199807,61499.085,5,Electricity Net Generation From Nuclear Electric Power, All Sectors,Million Kilowatthours
NUETPUS,199808,60368.984,5,Electricity Net Generation From Nuclear Electric Power, All Sectors,Million Kilowatthours
NUETPUS,199809,57205.864,5,Electricity Net Generation From Nuclear Electric Power, All Sectors,Million Kilowatthours
NUETPUS,199810,57429.377,5,Electricity Net Generation From Nuclear Electric Power, All Sectors,Million Kilowatthours
NUETPUS,199811,57372.39,5,Electricity Net Generation From Nuclear Electric Power, All Sectors,Million Kilowatthours
NUETPUS,199812,62496.591,5,Electricity Net Generation From Nuclear Electric Power, All Sectors,Million Kilowatthours
NUETPUS,199813,673702.104,5,Electricity Net Generation From Nuclear Electric Power, All Sectors,Million Kilowatthours
NUETPUS,199901,65689.472,5,Electricity Net Generation From Nuclear Electric Power, All Sectors,Million Kilowatthours
NUETPUS,199902,57489.279,5,Electricity Net Generation From Nuclear Electric Power, All Sectors,Million Kilowatthours
NUETPUS,199903,58838.125,5,Electricity Net Generation From Nuclear Electric Power, All Sectors,Million Kilowatthours
NUETPUS,199904,48529.139,5,Electricity Net Generation From Nuclear Electric Power, All Sectors,Million Kilowatthours
NUETPUS,199905,56056.776,5,Electricity Net Generation From Nuclear Electric Power, All Sectors,Million Kilowatthours
NUETPUS,199906,62300.248,5,Electricity Net Generation From Nuclear Electric Power, All Sectors,Million Kilowatthours
NUETPUS,199907,66814.583,5,Electricity Net Generation From Nuclear Electric Power, All Sectors,Million Kilowatthours
NUETPUS,199908,68142.717,5,Electricity Net Generation From Nuclear Electric Power, All Sectors,Million Kilowatthours
NUETPUS,199909,60935.054,5,Electricity Net Generation From Nuclear Electric Power, All Sectors,Million Kilowatthours
NUETPUS,199910,55343.056,5,Electricity Net Generation From Nuclear Electric Power, All Sectors,Million Kilowatthours
NUETPUS,199911,60552.304,5,Electricity Net Generation From Nuclear Electric Power, All Sectors,Million Kilowatthours
NUETPUS,199912,67563.373,5,Electricity Net Generation From Nuclear Electric Power, All Sectors,Million Kilowatthours
NUETPUS,199913,728254.124,5,Electricity Net Generation From Nuclear Electric Power, All Sectors,Million Kilowatthours
NUETPUS,200001,70762.352,5,Electricity Net Generation From Nuclear Electric Power, All Sectors,Million Kilowatthours
NUETPUS,200002,64178.502,5,Electricity Net Generation From Nuclear Electric Power, All Sectors,Million Kilowatthours
NUETPUS,200003,62736.512,5,Electricity Net Generation From Nuclear Electric Power, All Sectors,Million Kilowatthours
NUETPUS,200004,58259.145,5,Electricity Net Generation From Nuclear Electric Power, All Sectors,Million Kilowatthours
NUETPUS,200005,63975.913,5,Electricity Net Generation From Nuclear Electric Power, All Sectors,Million Kilowatthours
NUETPUS,200006,67298.55,5,Electricity Net Generation From Nuclear Electric Power, All Sectors,Million Kilowatthours
NUETPUS,200007,68971.667,5,Electricity Net Generation From Nuclear Electric Power, All Sectors,Million Kilowatthours
NUETPUS,200008,67226.15,5,Electricity Net Generation From Nuclear Electric Power, All Sectors,Million Kilowatthours
NUETPUS,200009,58266.574,5,Electricity Net Generation From Nuclear Electric Power, All Sectors,Million Kilowatthours
NUETPUS,200010,52469.741,5,Electricity Net Generation From Nuclear Electric Power, All Sectors,Million Kilowatthours
NUETPUS,200011,56471.424,5,Electricity Net Generation From Nuclear Electric Power, All Sectors,Million Kilowatthours
NUETPUS,200012,63276.41,5,Electricity Net Generation From Nuclear Electric Power, All Sectors,Million Kilowatthours
NUETPUS,200013,753892.94,5,Electricity Net Generation From Nuclear Electric Power, All Sectors,Million Kilowatthours
NUETPUS,200101,68707.077,5,Electricity Net Generation From Nuclear Electric Power, All Sectors,Million Kilowatthours
NUETPUS,200102,61272.407,5,Electricity Net Generation From Nuclear Electric Power, All Sectors,Million Kilowatthours
NUETPUS,200103,62140.712,5,Electricity Net Generation From Nuclear Electric Power, All Sectors,Million Kilowatthours
NUETPUS,200104,56003.026,5,Electricity Net Generation From Nuclear Electric Power, All Sectors,Million Kilowatthours
NUETPUS,200105,61512.445,5,Electricity Net Generation From Nuclear Electric Power, All Sectors,Million Kilowatthours
NUETPUS,200106,68023.098,5,Electricity Net Generation From Nuclear Electric Power, All Sectors,Million Kilowatthours
NUETPUS,200107,69166.04,5,Electricity Net Generation From Nuclear Electric Power, All Sectors,Million Kilowatthours
NUETPUS,200108,68389.496,5,Electricity Net Generation From Nuclear Electric Power, All Sectors,Million Kilowatthours
NUETPUS,200109,63378.451,5,Electricity Net Generation From Nuclear Electric Power, All Sectors,Million Kilowatthours
NUETPUS,200110,60460.967,5,Electricity Net Generation From Nuclear Electric Power, All Sectors,Million Kilowatthours
NUETPUS,200111,62341.711,5,Electricity Net Generation From Nuclear Electric Power, All Sectors,Million Kilowatthours
NUETPUS,200112,67430.878,5,Electricity Net Generation From Nuclear Electric Power, All Sectors,Million Kilowatthours
NUETPUS,200113,768826.308,5,Electricity Net Generation From Nuclear Electric Power, All Sectors,Million Kilowatthours
NUETPUS,200201,70925.863,5,Electricity Net Generation From Nuclear Electric Power, All Sectors,Million Kilowatthours
NUETPUS,200202,61658.274,5,Electricity Net Generation From Nuclear Electric Power, All Sectors,Million Kilowatthours
NUETPUS,200203,63040.647,5,Electricity Net Generation From Nuclear Electric Power, All Sectors,Million Kilowatthours
NUETPUS,200204,58437.062,5,Electricity Net Generation From Nuclear Electric Power, All Sectors,Million Kilowatthours
NUETPUS,200205,63032.192,5,Electricity Net Generation From Nuclear Electric Power, All Sectors,Million Kilowatthours
NUETPUS,200206,66371.896,5,Electricity Net Generation From Nuclear Electric Power, All Sectors,Million Kilowatthours
NUETPUS,200207,70420.827,5,Electricity Net Generation From Nuclear Electric Power, All Sectors,Million Kilowatthours
NUETPUS,200208,70777.688,5,Electricity Net Generation From Nuclear Electric Power, All Sectors,Million Kilowatthours
NUETPUS,200209,64480.79,5,Electricity Net Generation From Nuclear Electric Power, All Sectors,Million Kilowatthours
NUETPUS,200210,60493.052,5,Electricity Net Generation From Nuclear Electric Power, All Sectors,Million Kilowatthours
NUETPUS,200211,61520.324,5,Electricity Net Generation From Nuclear Electric Power, All Sectors,Million Kilowatthours
NUETPUS,200212,68905.472,5,Electricity Net Generation From Nuclear Electric Power, All Sectors,Million Kilowatthours
NUETPUS,200213,780064.087,5,Electricity Net Generation From Nuclear Electric Power, All Sectors,Million Kilowatthours
NUETPUS,200301,69211.084,5,Electricity Net Generation From Nuclear Electric Power, All Sectors,Million Kilowatthours
NUETPUS,200302,60941.869,5,Electricity Net Generation From Nuclear Electric Power, All Sectors,Million Kilowatthours
NUETPUS,200303,59933.261,5,Electricity Net Generation From Nuclear Electric Power, All Sectors,Million Kilowatthours
NUETPUS,200304,56775.591,5,Electricity Net Generation From Nuclear Electric Power, All Sectors,Million Kilowatthours
NUETPUS,200305,62201.96,5,Electricity Net Generation From Nuclear Electric Power, All Sectors,Million Kilowatthours
NUETPUS,200306,64180.727,5,Electricity Net Generation From Nuclear Electric Power, All Sectors,Million Kilowatthours
NUETPUS,200307,69652.754,5,Electricity Net Generation From Nuclear Electric Power, All Sectors,Million Kilowatthours
NUETPUS,200308,69023.878,5,Electricity Net Generation From Nuclear Electric Power, All Sectors,Million Kilowatthours
NUETPUS,200309,63583.645,5,Electricity Net Generation From Nuclear Electric Power, All Sectors,Million Kilowatthours
NUETPUS,200310,60016.207,5,Electricity Net Generation From Nuclear Electric Power, All Sectors,Million Kilowatthours
NUETPUS,200311,59600.02,5,Electricity Net Generation From Nuclear Electric Power, All Sectors,Million Kilowatthours
NUETPUS,200312,68611.699,5,Electricity Net Generation From Nuclear Electric Power, All Sectors,Million Kilowatthours
NUETPUS,200313,763732.695,5,Electricity Net Generation From Nuclear Electric Power, All Sectors,Million Kilowatthours
NUETPUS,200401,70806.16,5,Electricity Net Generation From Nuclear Electric Power, All Sectors,Million Kilowatthours
NUETPUS,200402,64101.949,5,Electricity Net Generation From Nuclear Electric Power, All Sectors,Million Kilowatthours
NUETPUS,200403,63285.116,5,Electricity Net Generation From Nuclear Electric Power, All Sectors,Million Kilowatthours
NUETPUS,200404,58620.255,5,Electricity Net Generation From Nuclear Electric Power, All Sectors,Million Kilowatthours
NUETPUS,200405,64917.412,5,Electricity Net Generation From Nuclear Electric Power, All Sectors,Million Kilowatthours
NUETPUS,200406,67734.073,5,Electricity Net Generation From Nuclear Electric Power, All Sectors,Million Kilowatthours
NUETPUS,200407,71975.04,5,Electricity Net Generation From Nuclear Electric Power, All Sectors,Million Kilowatthours
NUETPUS,200408,71068.483,5,Electricity Net Generation From Nuclear Electric Power, All Sectors,Million Kilowatthours
NUETPUS,200409,65932.057,5,Electricity Net Generation From Nuclear Electric Power, All Sectors,Million Kilowatthours
NUETPUS,200410,62530.352,5,Electricity Net Generation From Nuclear Electric Power, All Sectors,Million Kilowatthours
NUETPUS,200411,58940.863,5,Electricity Net Generation From Nuclear Electric Power, All Sectors,Million Kilowatthours
NUETPUS,200412,68616.627,5,Electricity Net Generation From Nuclear Electric Power, All Sectors,Million Kilowatthours
NUETPUS,200413,788528.387,5,Electricity Net Generation From Nuclear Electric Power, All Sectors,Million Kilowatthours
NUETPUS,200501,69828.239,5,Electricity Net Generation From Nuclear Electric Power, All Sectors,Million Kilowatthours
NUETPUS,200502,60946.934,5,Electricity Net Generation From Nuclear Electric Power, All Sectors,Million Kilowatthours
NUETPUS,200503,61538.53,5,Electricity Net Generation From Nuclear Electric Power, All Sectors,Million Kilowatthours
NUETPUS,200504,55484.01,5,Electricity Net Generation From Nuclear Electric Power, All Sectors,Million Kilowatthours
NUETPUS,200505,62970.464,5,Electricity Net Generation From Nuclear Electric Power, All Sectors,Million Kilowatthours
NUETPUS,200506,66144.275,5,Electricity Net Generation From Nuclear Electric Power, All Sectors,Million Kilowatthours
NUETPUS,200507,71070.011,5,Electricity Net Generation From Nuclear Electric Power, All Sectors,Million Kilowatthours
NUETPUS,200508,71381.55,5,Electricity Net Generation From Nuclear Electric Power, All Sectors,Million Kilowatthours
NUETPUS,200509,66738.979,5,Electricity Net Generation From Nuclear Electric Power, All Sectors,Million Kilowatthours
NUETPUS,200510,61235.597,5,Electricity Net Generation From Nuclear Electric Power, All Sectors,Million Kilowatthours
NUETPUS,200511,62912.709,5,Electricity Net Generation From Nuclear Electric Power, All Sectors,Million Kilowatthours
NUETPUS,200512,71735.067,5,Electricity Net Generation From Nuclear Electric Power, All Sectors,Million Kilowatthours
NUETPUS,200513,781986.365,5,Electricity Net Generation From Nuclear Electric Power, All Sectors,Million Kilowatthours
NUETPUS,200601,71911.532,5,Electricity Net Generation From Nuclear Electric Power, All Sectors,Million Kilowatthours
NUETPUS,200602,62615.654,5,Electricity Net Generation From Nuclear Electric Power, All Sectors,Million Kilowatthours
NUETPUS,200603,63720.849,5,Electricity Net Generation From Nuclear Electric Power, All Sectors,Million Kilowatthours
NUETPUS,200604,57567.204,5,Electricity Net Generation From Nuclear Electric Power, All Sectors,Million Kilowatthours
NUETPUS,200605,62775.701,5,Electricity Net Generation From Nuclear Electric Power, All Sectors,Million Kilowatthours
NUETPUS,200606,68391.472,5,Electricity Net Generation From Nuclear Electric Power, All Sectors,Million Kilowatthours
NUETPUS,200607,72186.494,5,Electricity Net Generation From Nuclear Electric Power, All Sectors,Million Kilowatthours
NUETPUS,200608,72016.095,5,Electricity Net Generation From Nuclear Electric Power, All Sectors,Million Kilowatthours
NUETPUS,200609,66642.327,5,Electricity Net Generation From Nuclear Electric Power, All Sectors,Million Kilowatthours
NUETPUS,200610,57509.306,5,Electricity Net Generation From Nuclear Electric Power, All Sectors,Million Kilowatthours
NUETPUS,200611,61392.321,5,Electricity Net Generation From Nuclear Electric Power, All Sectors,Million Kilowatthours
NUETPUS,200612,70489.681,5,Electricity Net Generation From Nuclear Electric Power, All Sectors,Million Kilowatthours
NUETPUS,200613,787218.636,5,Electricity Net Generation From Nuclear Electric Power, All Sectors,Million Kilowatthours
NUETPUS,200701,74006.184,5,Electricity Net Generation From Nuclear Electric Power, All Sectors,Million Kilowatthours
NUETPUS,200702,65224.794,5,Electricity Net Generation From Nuclear Electric Power, All Sectors,Million Kilowatthours
NUETPUS,200703,64305.153,5,Electricity Net Generation From Nuclear Electric Power, All Sectors,Million Kilowatthours
NUETPUS,200704,57301.424,5,Electricity Net Generation From Nuclear Electric Power, All Sectors,Million Kilowatthours
NUETPUS,200705,65024.555,5,Electricity Net Generation From Nuclear Electric Power, All Sectors,Million Kilowatthours
NUETPUS,200706,68923.074,5,Electricity Net Generation From Nuclear Electric Power, All Sectors,Million Kilowatthours
NUETPUS,200707,72738.535,5,Electricity Net Generation From Nuclear Electric Power, All Sectors,Million Kilowatthours
NUETPUS,200708,72750.91,5,Electricity Net Generation From Nuclear Electric Power, All Sectors,Million Kilowatthours
NUETPUS,200709,67578.578,5,Electricity Net Generation From Nuclear Electric Power, All Sectors,Million Kilowatthours
NUETPUS,200710,61689.542,5,Electricity Net Generation From Nuclear Electric Power, All Sectors,Million Kilowatthours
NUETPUS,200711,64899.278,5,Electricity Net Generation From Nuclear Electric Power, All Sectors,Million Kilowatthours
NUETPUS,200712,71982.726,5,Electricity Net Generation From Nuclear Electric Power, All Sectors,Million Kilowatthours
NUETPUS,200713,806424.753,5,Electricity Net Generation From Nuclear Electric Power, All Sectors,Million Kilowatthours
NUETPUS,200801,70734.57,5,Electricity Net Generation From Nuclear Electric Power, All Sectors,Million Kilowatthours
NUETPUS,200802,65130.385,5,Electricity Net Generation From Nuclear Electric Power, All Sectors,Million Kilowatthours
NUETPUS,200803,64716.468,5,Electricity Net Generation From Nuclear Electric Power, All Sectors,Million Kilowatthours
NUETPUS,200804,57332.716,5,Electricity Net Generation From Nuclear Electric Power, All Sectors,Million Kilowatthours
NUETPUS,200805,64825.901,5,Electricity Net Generation From Nuclear Electric Power, All Sectors,Million Kilowatthours
NUETPUS,200806,70319.366,5,Electricity Net Generation From Nuclear Electric Power, All Sectors,Million Kilowatthours
NUETPUS,200807,74318.27,5,Electricity Net Generation From Nuclear Electric Power, All Sectors,Million Kilowatthours
NUETPUS,200808,72617.066,5,Electricity Net Generation From Nuclear Electric Power, All Sectors,Million Kilowatthours
NUETPUS,200809,67053.867,5,Electricity Net Generation From Nuclear Electric Power, All Sectors,Million Kilowatthours
NUETPUS,200810,62820.353,5,Electricity Net Generation From Nuclear Electric Power, All Sectors,Million Kilowatthours
NUETPUS,200811,63408.145,5,Electricity Net Generation From Nuclear Electric Power, All Sectors,Million Kilowatthours
NUETPUS,200812,72931.328,5,Electricity Net Generation From Nuclear Electric Power, All Sectors,Million Kilowatthours
NUETPUS,200813,806208.435,5,Electricity Net Generation From Nuclear Electric Power, All Sectors,Million Kilowatthours
NUETPUS,200901,74102.489,5,Electricity Net Generation From Nuclear Electric Power, All Sectors,Million Kilowatthours
NUETPUS,200902,64227.211,5,Electricity Net Generation From Nuclear Electric Power, All Sectors,Million Kilowatthours
NUETPUS,200903,67240.567,5,Electricity Net Generation From Nuclear Electric Power, All Sectors,Million Kilowatthours
NUETPUS,200904,59408.407,5,Electricity Net Generation From Nuclear Electric Power, All Sectors,Million Kilowatthours
NUETPUS,200905,65395.452,5,Electricity Net Generation From Nuclear Electric Power, All Sectors,Million Kilowatthours
NUETPUS,200906,69734.736,5,Electricity Net Generation From Nuclear Electric Power, All Sectors,Million Kilowatthours
NUETPUS,200907,72948.979,5,Electricity Net Generation From Nuclear Electric Power, All Sectors,Million Kilowatthours
NUETPUS,200908,72244.597,5,Electricity Net Generation From Nuclear Electric Power, All Sectors,Million Kilowatthours
NUETPUS,200909,65751.794,5,Electricity Net Generation From Nuclear Electric Power, All Sectors,Million Kilowatthours
NUETPUS,200910,58020.927,5,Electricity Net Generation From Nuclear Electric Power, All Sectors,Million Kilowatthours
NUETPUS,200911,59069.208,5,Electricity Net Generation From Nuclear Electric Power, All Sectors,Million Kilowatthours
NUETPUS,200912,70710.218,5,Electricity Net Generation From Nuclear Electric Power, All Sectors,Million Kilowatthours
NUETPUS,200913,798854.585,5,Electricity Net Generation From Nuclear Electric Power, All Sectors,Million Kilowatthours
NUETPUS,201001,72569.341,5,Electricity Net Generation From Nuclear Electric Power, All Sectors,Million Kilowatthours
NUETPUS,201002,65245.37,5,Electricity Net Generation From Nuclear Electric Power, All Sectors,Million Kilowatthours
NUETPUS,201003,64634.721,5,Electricity Net Generation From Nuclear Electric Power, All Sectors,Million Kilowatthours
NUETPUS,201004,57611.073,5,Electricity Net Generation From Nuclear Electric Power, All Sectors,Million Kilowatthours
NUETPUS,201005,66658.365,5,Electricity Net Generation From Nuclear Electric Power, All Sectors,Million Kilowatthours
NUETPUS,201006,68301.322,5,Electricity Net Generation From Nuclear Electric Power, All Sectors,Million Kilowatthours
NUETPUS,201007,71913.468,5,Electricity Net Generation From Nuclear Electric Power, All Sectors,Million Kilowatthours
NUETPUS,201008,71574.103,5,Electricity Net Generation From Nuclear Electric Power, All Sectors,Million Kilowatthours
NUETPUS,201009,69371.195,5,Electricity Net Generation From Nuclear Electric Power, All Sectors,Million Kilowatthours
NUETPUS,201010,62750.833,5,Electricity Net Generation From Nuclear Electric Power, All Sectors,Million Kilowatthours
NUETPUS,201011,62655.206,5,Electricity Net Generation From Nuclear Electric Power, All Sectors,Million Kilowatthours
NUETPUS,201012,73683.304,5,Electricity Net Generation From Nuclear Electric Power, All Sectors,Million Kilowatthours
NUETPUS,201013,806968.301,5,Electricity Net Generation From Nuclear Electric Power, All Sectors,Million Kilowatthours
NUETPUS,201101,72742.813,5,Electricity Net Generation From Nuclear Electric Power, All Sectors,Million Kilowatthours
NUETPUS,201102,64789.078,5,Electricity Net Generation From Nuclear Electric Power, All Sectors,Million Kilowatthours
NUETPUS,201103,65661.598,5,Electricity Net Generation From Nuclear Electric Power, All Sectors,Million Kilowatthours
NUETPUS,201104,54547.338,5,Electricity Net Generation From Nuclear Electric Power, All Sectors,Million Kilowatthours
NUETPUS,201105,57012.914,5,Electricity Net Generation From Nuclear Electric Power, All Sectors,Million Kilowatthours
NUETPUS,201106,65270.134,5,Electricity Net Generation From Nuclear Electric Power, All Sectors,Million Kilowatthours
NUETPUS,201107,72344.85,5,Electricity Net Generation From Nuclear Electric Power, All Sectors,Million Kilowatthours
NUETPUS,201108,71338.566,5,Electricity Net Generation From Nuclear Electric Power, All Sectors,Million Kilowatthours
NUETPUS,201109,66848.854,5,Electricity Net Generation From Nuclear Electric Power, All Sectors,Million Kilowatthours
NUETPUS,201110,63336.97,5,Electricity Net Generation From Nuclear Electric Power, All Sectors,Million Kilowatthours
NUETPUS,201111,64473.88,5,Electricity Net Generation From Nuclear Electric Power, All Sectors,Million Kilowatthours
NUETPUS,201112,71837.372,5,Electricity Net Generation From Nuclear Electric Power, All Sectors,Million Kilowatthours
NUETPUS,201113,790204.367,5,Electricity Net Generation From Nuclear Electric Power, All Sectors,Million Kilowatthours
NUETPUS,201201,72381.186,5,Electricity Net Generation From Nuclear Electric Power, All Sectors,Million Kilowatthours
NUETPUS,201202,63847.023,5,Electricity Net Generation From Nuclear Electric Power, All Sectors,Million Kilowatthours
NUETPUS,201203,61728.613,5,Electricity Net Generation From Nuclear Electric Power, All Sectors,Million Kilowatthours
NUETPUS,201204,55870.931,5,Electricity Net Generation From Nuclear Electric Power, All Sectors,Million Kilowatthours
NUETPUS,201205,62081.445,5,Electricity Net Generation From Nuclear Electric Power, All Sectors,Million Kilowatthours
NUETPUS,201206,65140.085,5,Electricity Net Generation From Nuclear Electric Power, All Sectors,Million Kilowatthours
NUETPUS,201207,69129.329,5,Electricity Net Generation From Nuclear Electric Power, All Sectors,Million Kilowatthours
NUETPUS,201208,69602.111,5,Electricity Net Generation From Nuclear Electric Power, All Sectors,Million Kilowatthours
NUETPUS,201209,64510.882,5,Electricity Net Generation From Nuclear Electric Power, All Sectors,Million Kilowatthours
NUETPUS,201210,59743.218,5,Electricity Net Generation From Nuclear Electric Power, All Sectors,Million Kilowatthours
NUETPUS,201211,56712.757,5,Electricity Net Generation From Nuclear Electric Power, All Sectors,Million Kilowatthours
NUETPUS,201212,68583.669,5,Electricity Net Generation From Nuclear Electric Power, All Sectors,Million Kilowatthours
NUETPUS,201213,769331.249,5,Electricity Net Generation From Nuclear Electric Power, All Sectors,Million Kilowatthours
NUETPUS,201301,71405.817,5,Electricity Net Generation From Nuclear Electric Power, All Sectors,Million Kilowatthours
NUETPUS,201302,61483.385,5,Electricity Net Generation From Nuclear Electric Power, All Sectors,Million Kilowatthours
NUETPUS,201303,62947.389,5,Electricity Net Generation From Nuclear Electric Power, All Sectors,Million Kilowatthours
NUETPUS,201304,56766.882,5,Electricity Net Generation From Nuclear Electric Power, All Sectors,Million Kilowatthours
NUETPUS,201305,62848.155,5,Electricity Net Generation From Nuclear Electric Power, All Sectors,Million Kilowatthours
NUETPUS,201306,66429.69,5,Electricity Net Generation From Nuclear Electric Power, All Sectors,Million Kilowatthours
NUETPUS,201307,70539.238,5,Electricity Net Generation From Nuclear Electric Power, All Sectors,Million Kilowatthours
NUETPUS,201308,71344.379,5,Electricity Net Generation From Nuclear Electric Power, All Sectors,Million Kilowatthours
NUETPUS,201309,65798.971,5,Electricity Net Generation From Nuclear Electric Power, All Sectors,Million Kilowatthours
NUETPUS,201310,63183.533,5,Electricity Net Generation From Nuclear Electric Power, All Sectors,Million Kilowatthours
NUETPUS,201311,64975.456,5,Electricity Net Generation From Nuclear Electric Power, All Sectors,Million Kilowatthours
NUETPUS,201312,71293.578,5,Electricity Net Generation From Nuclear Electric Power, All Sectors,Million Kilowatthours
NUETPUS,201313,789016.473,5,Electricity Net Generation From Nuclear Electric Power, All Sectors,Million Kilowatthours
NUETPUS,201401,73162.609,5,Electricity Net Generation From Nuclear Electric Power, All Sectors,Million Kilowatthours
NUETPUS,201402,62638.95,5,Electricity Net Generation From Nuclear Electric Power, All Sectors,Million Kilowatthours
NUETPUS,201403,62397.08,5,Electricity Net Generation From Nuclear Electric Power, All Sectors,Million Kilowatthours
NUETPUS,201404,56384.588,5,Electricity Net Generation From Nuclear Electric Power, All Sectors,Million Kilowatthours
NUETPUS,201405,62947.43,5,Electricity Net Generation From Nuclear Electric Power, All Sectors,Million Kilowatthours
NUETPUS,201406,68138.232,5,Electricity Net Generation From Nuclear Electric Power, All Sectors,Million Kilowatthours
NUETPUS,201407,71940.126,5,Electricity Net Generation From Nuclear Electric Power, All Sectors,Million Kilowatthours
NUETPUS,201408,71128.746,5,Electricity Net Generation From Nuclear Electric Power, All Sectors,Million Kilowatthours
NUETPUS,201409,67534.5,5,Electricity Net Generation From Nuclear Electric Power, All Sectors,Million Kilowatthours
NUETPUS,201410,62390.988,5,Electricity Net Generation From Nuclear Electric Power, All Sectors,Million Kilowatthours
NUETPUS,201411,65140.185,5,Electricity Net Generation From Nuclear Electric Power, All Sectors,Million Kilowatthours
NUETPUS,201412,73362.548,5,Electricity Net Generation From Nuclear Electric Power, All Sectors,Million Kilowatthours
NUETPUS,201413,797165.982,5,Electricity Net Generation From Nuclear Electric Power, All Sectors,Million Kilowatthours
NUETPUS,201501,74269.974,5,Electricity Net Generation From Nuclear Electric Power, All Sectors,Million Kilowatthours
NUETPUS,201502,63461.493,5,Electricity Net Generation From Nuclear Electric Power, All Sectors,Million Kilowatthours
NUETPUS,201503,64546.799,5,Electricity Net Generation From Nuclear Electric Power, All Sectors,Million Kilowatthours
NUETPUS,201504,59784.495,5,Electricity Net Generation From Nuclear Electric Power, All Sectors,Million Kilowatthours
NUETPUS,201505,65826.525,5,Electricity Net Generation From Nuclear Electric Power, All Sectors,Million Kilowatthours
NUETPUS,201506,68516.165,5,Electricity Net Generation From Nuclear Electric Power, All Sectors,Million Kilowatthours
NUETPUS,201507,71412.176,5,Electricity Net Generation From Nuclear Electric Power, All Sectors,Million Kilowatthours
NUETPUS,201508,72415.352,5,Electricity Net Generation From Nuclear Electric Power, All Sectors,Million Kilowatthours
NUETPUS,201509,66476.372,5,Electricity Net Generation From Nuclear Electric Power, All Sectors,Million Kilowatthours
NUETPUS,201510,60570.921,5,Electricity Net Generation From Nuclear Electric Power, All Sectors,Million Kilowatthours
NUETPUS,201511,60263.941,5,Electricity Net Generation From Nuclear Electric Power, All Sectors,Million Kilowatthours
NUETPUS,201512,69633.664,5,Electricity Net Generation From Nuclear Electric Power, All Sectors,Million Kilowatthours
NUETPUS,201513,797177.877,5,Electricity Net Generation From Nuclear Electric Power, All Sectors,Million Kilowatthours
NUETPUS,201601,72524.775,5,Electricity Net Generation From Nuclear Electric Power, All Sectors,Million Kilowatthours
NUETPUS,201602,65638.141,5,Electricity Net Generation From Nuclear Electric Power, All Sectors,Million Kilowatthours
NUETPUS,201603,66148.894,5,Electricity Net Generation From Nuclear Electric Power, All Sectors,Million Kilowatthours
NUETPUS,201604,62731.845,5,Electricity Net Generation From Nuclear Electric Power, All Sectors,Million Kilowatthours
NUETPUS,201605,66576.493,5,Electricity Net Generation From Nuclear Electric Power, All Sectors,Million Kilowatthours
NUETPUS,201606,67175.324,5,Electricity Net Generation From Nuclear Electric Power, All Sectors,Million Kilowatthours
NUETPUS,201607,70349.347,5,Electricity Net Generation From Nuclear Electric Power, All Sectors,Million Kilowatthours
NUETPUS,201608,71526.405,5,Electricity Net Generation From Nuclear Electric Power, All Sectors,Million Kilowatthours
NUETPUS,201609,65448.176,5,Electricity Net Generation From Nuclear Electric Power, All Sectors,Million Kilowatthours
NUETPUS,201610,60733.343,5,Electricity Net Generation From Nuclear Electric Power, All Sectors,Million Kilowatthours
NUETPUS,201611,65178.776,5,Electricity Net Generation From Nuclear Electric Power, All Sectors,Million Kilowatthours
NUETPUS,201612,71662.429,5,Electricity Net Generation From Nuclear Electric Power, All Sectors,Million Kilowatthours
NUETPUS,201613,805693.948,5,Electricity Net Generation From Nuclear Electric Power, All Sectors,Million Kilowatthours
NUETPUS,201701,73120.612,5,Electricity Net Generation From Nuclear Electric Power, All Sectors,Million Kilowatthours
NUETPUS,201702,63560.371,5,Electricity Net Generation From Nuclear Electric Power, All Sectors,Million Kilowatthours
NUETPUS,201703,65093.2,5,Electricity Net Generation From Nuclear Electric Power, All Sectors,Million Kilowatthours
NUETPUS,201704,56743.352,5,Electricity Net Generation From Nuclear Electric Power, All Sectors,Million Kilowatthours
NUETPUS,201705,61312.753,5,Electricity Net Generation From Nuclear Electric Power, All Sectors,Million Kilowatthours
NUETPUS,201706,67010.782,5,Electricity Net Generation From Nuclear Electric Power, All Sectors,Million Kilowatthours
NUETPUS,201707,71314.219,5,Electricity Net Generation From Nuclear Electric Power, All Sectors,Million Kilowatthours
NUETPUS,201708,72384.218,5,Electricity Net Generation From Nuclear Electric Power, All Sectors,Million Kilowatthours
NUETPUS,201709,68097.918,5,Electricity Net Generation From Nuclear Electric Power, All Sectors,Million Kilowatthours
NUETPUS,201710,65994.785,5,Electricity Net Generation From Nuclear Electric Power, All Sectors,Million Kilowatthours
NUETPUS,201711,66617.853,5,Electricity Net Generation From Nuclear Electric Power, All Sectors,Million Kilowatthours
NUETPUS,201712,73699.572,5,Electricity Net Generation From Nuclear Electric Power, All Sectors,Million Kilowatthours
NUETPUS,201713,804949.635,5,Electricity Net Generation From Nuclear Electric Power, All Sectors,Million Kilowatthours
NUETPUS,201801,74649.04,5,Electricity Net Generation From Nuclear Electric Power, All Sectors,Million Kilowatthours
NUETPUS,201802,64790.03,5,Electricity Net Generation From Nuclear Electric Power, All Sectors,Million Kilowatthours
NUETPUS,201803,67032.656,5,Electricity Net Generation From Nuclear Electric Power, All Sectors,Million Kilowatthours
NUETPUS,201804,59133.155,5,Electricity Net Generation From Nuclear Electric Power, All Sectors,Million Kilowatthours
NUETPUS,201805,67320.248,5,Electricity Net Generation From Nuclear Electric Power, All Sectors,Million Kilowatthours
NUETPUS,201806,69687.556,5,Electricity Net Generation From Nuclear Electric Power, All Sectors,Million Kilowatthours
NUETPUS,201807,72456.009,5,Electricity Net Generation From Nuclear Electric Power, All Sectors,Million Kilowatthours
NUETPUS,201808,72282.467,5,Electricity Net Generation From Nuclear Electric Power, All Sectors,Million Kilowatthours
NUETPUS,201809,64724.753,5,Electricity Net Generation From Nuclear Electric Power, All Sectors,Million Kilowatthours
NUETPUS,201810,59396.905,5,Electricity Net Generation From Nuclear Electric Power, All Sectors,Million Kilowatthours
NUETPUS,201811,63954.37,5,Electricity Net Generation From Nuclear Electric Power, All Sectors,Million Kilowatthours
NUETPUS,201812,71657.288,5,Electricity Net Generation From Nuclear Electric Power, All Sectors,Million Kilowatthours
NUETPUS,201813,807084.477,5,Electricity Net Generation From Nuclear Electric Power, All Sectors,Million Kilowatthours
NUETPUS,201901,73700.844,5,Electricity Net Generation From Nuclear Electric Power, All Sectors,Million Kilowatthours
NUETPUS,201902,64714.894,5,Electricity Net Generation From Nuclear Electric Power, All Sectors,Million Kilowatthours
NUETPUS,201903,65079.691,5,Electricity Net Generation From Nuclear Electric Power, All Sectors,Million Kilowatthours
NUETPUS,201904,60580.927,5,Electricity Net Generation From Nuclear Electric Power, All Sectors,Million Kilowatthours
NUETPUS,201905,67123.546,5,Electricity Net Generation From Nuclear Electric Power, All Sectors,Million Kilowatthours
NUETPUS,201906,68804.879,5,Electricity Net Generation From Nuclear Electric Power, All Sectors,Million Kilowatthours
NUETPUS,201907,72198.595,5,Electricity Net Generation From Nuclear Electric Power, All Sectors,Million Kilowatthours
NUETPUS,201908,71910.684,5,Electricity Net Generation From Nuclear Electric Power, All Sectors,Million Kilowatthours
NUETPUS,201909,66063.58,5,Electricity Net Generation From Nuclear Electric Power, All Sectors,Million Kilowatthours
NUETPUS,201910,62032.622,5,Electricity Net Generation From Nuclear Electric Power, All Sectors,Million Kilowatthours
NUETPUS,201911,64125.425,5,Electricity Net Generation From Nuclear Electric Power, All Sectors,Million Kilowatthours
NUETPUS,201912,73073.575,5,Electricity Net Generation From Nuclear Electric Power, All Sectors,Million Kilowatthours
NUETPUS,201913,809409.262,5,Electricity Net Generation From Nuclear Electric Power, All Sectors,Million Kilowatthours
NUETPUS,202001,74169.646,5,Electricity Net Generation From Nuclear Electric Power, All Sectors,Million Kilowatthours
NUETPUS,202002,65910.574,5,Electricity Net Generation From Nuclear Electric Power, All Sectors,Million Kilowatthours
NUETPUS,202003,63997.21,5,Electricity Net Generation From Nuclear Electric Power, All Sectors,Million Kilowatthours
NUETPUS,202004,59170.016,5,Electricity Net Generation From Nuclear Electric Power, All Sectors,Million Kilowatthours
NUETPUS,202005,64337.97,5,Electricity Net Generation From Nuclear Electric Power, All Sectors,Million Kilowatthours
NUETPUS,202006,67205.083,5,Electricity Net Generation From Nuclear Electric Power, All Sectors,Million Kilowatthours
NUETPUS,202007,69385.44,5,Electricity Net Generation From Nuclear Electric Power, All Sectors,Million Kilowatthours
NUETPUS,202008,68982.187,5,Electricity Net Generation From Nuclear Electric Power, All Sectors,Million Kilowatthours
NUETPUS,202009,65727.317,5,Electricity Net Generation From Nuclear Electric Power, All Sectors,Million Kilowatthours
NUETPUS,202010,59362.465,5,Electricity Net Generation From Nuclear Electric Power, All Sectors,Million Kilowatthours
NUETPUS,202011,61759.977,5,Electricity Net Generation From Nuclear Electric Power, All Sectors,Million Kilowatthours
NUETPUS,202012,69870.978,5,Electricity Net Generation From Nuclear Electric Power, All Sectors,Million Kilowatthours
NUETPUS,202013,789878.863,5,Electricity Net Generation From Nuclear Electric Power, All Sectors,Million Kilowatthours
NUETPUS,202101,71732.463,5,Electricity Net Generation From Nuclear Electric Power, All Sectors,Million Kilowatthours
NUETPUS,202102,62954.16,5,Electricity Net Generation From Nuclear Electric Power, All Sectors,Million Kilowatthours
NUETPUS,202103,63708.238,5,Electricity Net Generation From Nuclear Electric Power, All Sectors,Million Kilowatthours
NUETPUS,202104,57092.024,5,Electricity Net Generation From Nuclear Electric Power, All Sectors,Million Kilowatthours
NUETPUS,202105,63394.115,5,Electricity Net Generation From Nuclear Electric Power, All Sectors,Million Kilowatthours
NUETPUS,202106,66070.373,5,Electricity Net Generation From Nuclear Electric Power, All Sectors,Million Kilowatthours
NUETPUS,202107,68831.593,5,Electricity Net Generation From Nuclear Electric Power, All Sectors,Million Kilowatthours
NUETPUS,202108,69471.331,5,Electricity Net Generation From Nuclear Electric Power, All Sectors,Million Kilowatthours
NUETPUS,202109,64520.031,5,Electricity Net Generation From Nuclear Electric Power, All Sectors,Million Kilowatthours
NUETPUS,202110,56944.505,5,Electricity Net Generation From Nuclear Electric Power, All Sectors,Million Kilowatthours
NUETPUS,202111,62749.318,5,Electricity Net Generation From Nuclear Electric Power, All Sectors,Million Kilowatthours
NUETPUS,202112,70719.837,5,Electricity Net Generation From Nuclear Electric Power, All Sectors,Million Kilowatthours
NUETPUS,202113,778187.988,5,Electricity Net Generation From Nuclear Electric Power, All Sectors,Million Kilowatthours
NUETPUS,202201,70576.875,5,Electricity Net Generation From Nuclear Electric Power, All Sectors,Million Kilowatthours
NUETPUS,202202,61852.177,5,Electricity Net Generation From Nuclear Electric Power, All Sectors,Million Kilowatthours
NUETPUS,202203,63153.701,5,Electricity Net Generation From Nuclear Electric Power, All Sectors,Million Kilowatthours
NUETPUS,202204,55289.54,5,Electricity Net Generation From Nuclear Electric Power, All Sectors,Million Kilowatthours
NUETPUS,202205,63381.624,5,Electricity Net Generation From Nuclear Electric Power, All Sectors,Million Kilowatthours
NUETPUS,202206,65715.42,5,Electricity Net Generation From Nuclear Electric Power, All Sectors,Million Kilowatthours
NUETPUS,202207,68856.919,5,Electricity Net Generation From Nuclear Electric Power, All Sectors,Million Kilowatthours
NUETPUS,202208,68896.917,5,Electricity Net Generation From Nuclear Electric Power, All Sectors,Million Kilowatthours
NUETPUS,202209,63733.186,5,Electricity Net Generation From Nuclear Electric Power, All Sectors,Million Kilowatthours
NUETPUS,202210,58945.383,5,Electricity Net Generation From Nuclear Electric Power, All Sectors,Million Kilowatthours
NUETPUS,202211,62041.287,5,Electricity Net Generation From Nuclear Electric Power, All Sectors,Million Kilowatthours
