SOETPUS,194913,Not Available,11,Electricity Net Generation From Solar, All Sectors,Million Kilowatthours
SOETPUS,195013,Not Available,11,Electricity Net Generation From Solar, All Sectors,Million Kilowatthours
SOETPUS,195113,Not Available,11,Electricity Net Generation From Solar, All Sectors,Million Kilowatthours
SOETPUS,195213,Not Available,11,Electricity Net Generation From Solar, All Sectors,Million Kilowatthours
SOETPUS,195313,Not Available,11,Electricity Net Generation From Solar, All Sectors,Million Kilowatthours
SOETPUS,195413,Not Available,11,Electricity Net Generation From Solar, All Sectors,Million Kilowatthours
SOETPUS,195513,Not Available,11,Electricity Net Generation From Solar, All Sectors,Million Kilowatthours
SOETPUS,195613,Not Available,11,Electricity Net Generation From Solar, All Sectors,Million Kilowatthours
SOETPUS,195713,Not Available,11,Electricity Net Generation From Solar, All Sectors,Million Kilowatthours
SOETPUS,195813,Not Available,11,Electricity Net Generation From Solar, All Sectors,Million Kilowatthours
SOETPUS,195913,Not Available,11,Electricity Net Generation From Solar, All Sectors,Million Kilowatthours
SOETPUS,196013,Not Available,11,Electricity Net Generation From Solar, All Sectors,Million Kilowatthours
SOETPUS,196113,Not Available,11,Electricity Net Generation From Solar, All Sectors,Million Kilowatthours
SOETPUS,196213,Not Available,11,Electricity Net Generation From Solar, All Sectors,Million Kilowatthours
SOETPUS,196313,Not Available,11,Electricity Net Generation From Solar, All Sectors,Million Kilowatthours
SOETPUS,196413,Not Available,11,Electricity Net Generation From Solar, All Sectors,Million Kilowatthours
SOETPUS,196513,Not Available,11,Electricity Net Generation From Solar, All Sectors,Million Kilowatthours
SOETPUS,196613,Not Available,11,Electricity Net Generation From Solar, All Sectors,Million Kilowatthours
SOETPUS,196713,Not Available,11,Electricity Net Generation From Solar, All Sectors,Million Kilowatthours
SOETPUS,196813,Not Available,11,Electricity Net Generation From Solar, All Sectors,Million Kilowatthours
SOETPUS,196913,Not Available,11,Electricity Net Generation From Solar, All Sectors,Million Kilowatthours
SOETPUS,197013,Not Available,11,Electricity Net Generation From Solar, All Sectors,Million Kilowatthours
SOETPUS,197113,Not Available,11,Electricity Net Generation From Solar, All Sectors,Million Kilowatthours
SOETPUS,197213,Not Available,11,Electricity Net Generation From Solar, All Sectors,Million Kilowatthours
SOETPUS,197301,Not Available,11,Electricity Net Generation From Solar, All Sectors,Million Kilowatthours
SOETPUS,197302,Not Available,11,Electricity Net Generation From Solar, All Sectors,Million Kilowatthours
SOETPUS,197303,Not Available,11,Electricity Net Generation From Solar, All Sectors,Million Kilowatthours
SOETPUS,197304,Not Available,11,Electricity Net Generation From Solar, All Sectors,Million Kilowatthours
SOETPUS,197305,Not Available,11,Electricity Net Generation From Solar, All Sectors,Million Kilowatthours
SOETPUS,197306,Not Available,11,Electricity Net Generation From Solar, All Sectors,Million Kilowatthours
SOETPUS,197307,Not Available,11,Electricity Net Generation From Solar, All Sectors,Million Kilowatthours
SOETPUS,197308,Not Available,11,Electricity Net Generation From Solar, All Sectors,Million Kilowatthours
SOETPUS,197309,Not Available,11,Electricity Net Generation From Solar, All Sectors,Million Kilowatthours
SOETPUS,197310,Not Available,11,Electricity Net Generation From Solar, All Sectors,Million Kilowatthours
SOETPUS,197311,Not Available,11,Electricity Net Generation From Solar, All Sectors,Million Kilowatthours
SOETPUS,197312,Not Available,11,Electricity Net Generation From Solar, All Sectors,Million Kilowatthours
SOETPUS,197313,Not Available,11,Electricity Net Generation From Solar, All Sectors,Million Kilowatthours
SOETPUS,197401,Not Available,11,Electricity Net Generation From Solar, All Sectors,Million Kilowatthours
SOETPUS,197402,Not Available,11,Electricity Net Generation From Solar, All Sectors,Million Kilowatthours
SOETPUS,197403,Not Available,11,Electricity Net Generation From Solar, All Sectors,Million Kilowatthours
SOETPUS,197404,Not Available,11,Electricity Net Generation From Solar, All Sectors,Million Kilowatthours
SOETPUS,197405,Not Available,11,Electricity Net Generation From Solar, All Sectors,Million Kilowatthours
SOETPUS,197406,Not Available,11,Electricity Net Generation From Solar, All Sectors,Million Kilowatthours
SOETPUS,197407,Not Available,11,Electricity Net Generation From Solar, All Sectors,Million Kilowatthours
SOETPUS,197408,Not Available,11,Electricity Net Generation From Solar, All Sectors,Million Kilowatthours
SOETPUS,197409,Not Available,11,Electricity Net Generation From Solar, All Sectors,Million Kilowatthours
SOETPUS,197410,Not Available,11,Electricity Net Generation From Solar, All Sectors,Million Kilowatthours
SOETPUS,197411,Not Available,11,Electricity Net Generation From Solar, All Sectors,Million Kilowatthours
SOETPUS,197412,Not Available,11,Electricity Net Generation From Solar, All Sectors,Million Kilowatthours
SOETPUS,197413,Not Available,11,Electricity Net Generation From Solar, All Sectors,Million Kilowatthours
SOETPUS,197501,Not Available,11,Electricity Net Generation From Solar, All Sectors,Million Kilowatthours
SOETPUS,197502,Not Available,11,Electricity Net Generation From Solar, All Sectors,Million Kilowatthours
SOETPUS,197503,Not Available,11,Electricity Net Generation From Solar, All Sectors,Million Kilowatthours
SOETPUS,197504,Not Available,11,Electricity Net Generation From Solar, All Sectors,Million Kilowatthours
SOETPUS,197505,Not Available,11,Electricity Net Generation From Solar, All Sectors,Million Kilowatthours
SOETPUS,197506,Not Available,11,Electricity Net Generation From Solar, All Sectors,Million Kilowatthours
SOETPUS,197507,Not Available,11,Electricity Net Generation From Solar, All Sectors,Million Kilowatthours
SOETPUS,197508,Not Available,11,Electricity Net Generation From Solar, All Sectors,Million Kilowatthours
SOETPUS,197509,Not Available,11,Electricity Net Generation From Solar, All Sectors,Million Kilowatthours
SOETPUS,197510,Not Available,11,Electricity Net Generation From Solar, All Sectors,Million Kilowatthours
SOETPUS,197511,Not Available,11,Electricity Net Generation From Solar, All Sectors,Million Kilowatthours
SOETPUS,197512,Not Available,11,Electricity Net Generation From Solar, All Sectors,Million Kilowatthours
SOETPUS,197513,Not Available,11,Electricity Net Generation From Solar, All Sectors,Million Kilowatthours
SOETPUS,197601,Not Available,11,Electricity Net Generation From Solar, All Sectors,Million Kilowatthours
SOETPUS,197602,Not Available,11,Electricity Net Generation From Solar, All Sectors,Million Kilowatthours
SOETPUS,197603,Not Available,11,Electricity Net Generation From Solar, All Sectors,Million Kilowatthours
SOETPUS,197604,Not Available,11,Electricity Net Generation From Solar, All Sectors,Million Kilowatthours
SOETPUS,197605,Not Available,11,Electricity Net Generation From Solar, All Sectors,Million Kilowatthours
SOETPUS,197606,Not Available,11,Electricity Net Generation From Solar, All Sectors,Million Kilowatthours
SOETPUS,197607,Not Available,11,Electricity Net Generation From Solar, All Sectors,Million Kilowatthours
SOETPUS,197608,Not Available,11,Electricity Net Generation From Solar, All Sectors,Million Kilowatthours
SOETPUS,197609,Not Available,11,Electricity Net Generation From Solar, All Sectors,Million Kilowatthours
SOETPUS,197610,Not Available,11,Electricity Net Generation From Solar, All Sectors,Million Kilowatthours
SOETPUS,197611,Not Available,11,Electricity Net Generation From Solar, All Sectors,Million Kilowatthours
SOETPUS,197612,Not Available,11,Electricity Net Generation From Solar, All Sectors,Million Kilowatthours
SOETPUS,197613,Not Available,11,Electricity Net Generation From Solar, All Sectors,Million Kilowatthours
SOETPUS,197701,Not Available,11,Electricity Net Generation From Solar, All Sectors,Million Kilowatthours
SOETPUS,197702,Not Available,11,Electricity Net Generation From Solar, All Sectors,Million Kilowatthours
SOETPUS,197703,Not Available,11,Electricity Net Generation From Solar, All Sectors,Million Kilowatthours
SOETPUS,197704,Not Available,11,Electricity Net Generation From Solar, All Sectors,Million Kilowatthours
SOETPUS,197705,Not Available,11,Electricity Net Generation From Solar, All Sectors,Million Kilowatthours
SOETPUS,197706,Not Available,11,Electricity Net Generation From Solar, All Sectors,Million Kilowatthours
SOETPUS,197707,Not Available,11,Electricity Net Generation From Solar, All Sectors,Million Kilowatthours
SOETPUS,197708,Not Available,11,Electricity Net Generation From Solar, All Sectors,Million Kilowatthours
SOETPUS,197709,Not Available,11,Electricity Net Generation From Solar, All Sectors,Million Kilowatthours
SOETPUS,197710,Not Available,11,Electricity Net Generation From Solar, All Sectors,Million Kilowatthours
SOETPUS,197711,Not Available,11,Electricity Net Generation From Solar, All Sectors,Million Kilowatthours
SOETPUS,197712,Not Available,11,Electricity Net Generation From Solar, All Sectors,Million Kilowatthours
SOETPUS,197713,Not Available,11,Electricity Net Generation From Solar, All Sectors,Million Kilowatthours
SOETPUS,197801,Not Available,11,Electricity Net Generation From Solar, All Sectors,Million Kilowatthours
SOETPUS,197802,Not Available,11,Electricity Net Generation From Solar, All Sectors,Million Kilowatthours
SOETPUS,197803,Not Available,11,Electricity Net Generation From Solar, All Sectors,Million Kilowatthours
SOETPUS,197804,Not Available,11,Electricity Net Generation From Solar, All Sectors,Million Kilowatthours
SOETPUS,197805,Not Available,11,Electricity Net Generation From Solar, All Sectors,Million Kilowatthours
SOETPUS,197806,Not Available,11,Electricity Net Generation From Solar, All Sectors,Million Kilowatthours
SOETPUS,197807,Not Available,11,Electricity Net Generation From Solar, All Sectors,Million Kilowatthours
SOETPUS,197808,Not Available,11,Electricity Net Generation From Solar, All Sectors,Million Kilowatthours
SOETPUS,197809,Not Available,11,Electricity Net Generation From Solar, All Sectors,Million Kilowatthours
SOETPUS,197810,Not Available,11,Electricity Net Generation From Solar, All Sectors,Million Kilowatthours
SOETPUS,197811,Not Available,11,Electricity Net Generation From Solar, All Sectors,Million Kilowatthours
SOETPUS,197812,Not Available,11,Electricity Net Generation From Solar, All Sectors,Million Kilowatthours
SOETPUS,197813,Not Available,11,Electricity Net Generation From Solar, All Sectors,Million Kilowatthours
SOETPUS,197901,Not Available,11,Electricity Net Generation From Solar, All Sectors,Million Kilowatthours
SOETPUS,197902,Not Available,11,Electricity Net Generation From Solar, All Sectors,Million Kilowatthours
SOETPUS,197903,Not Available,11,Electricity Net Generation From Solar, All Sectors,Million Kilowatthours
SOETPUS,197904,Not Available,11,Electricity Net Generation From Solar, All Sectors,Million Kilowatthours
SOETPUS,197905,Not Available,11,Electricity Net Generation From Solar, All Sectors,Million Kilowatthours
SOETPUS,197906,Not Available,11,Electricity Net Generation From Solar, All Sectors,Million Kilowatthours
SOETPUS,197907,Not Available,11,Electricity Net Generation From Solar, All Sectors,Million Kilowatthours
SOETPUS,197908,Not Available,11,Electricity Net Generation From Solar, All Sectors,Million Kilowatthours
SOETPUS,197909,Not Available,11,Electricity Net Generation From Solar, All Sectors,Million Kilowatthours
SOETPUS,197910,Not Available,11,Electricity Net Generation From Solar, All Sectors,Million Kilowatthours
SOETPUS,197911,Not Available,11,Electricity Net Generation From Solar, All Sectors,Million Kilowatthours
SOETPUS,197912,Not Available,11,Electricity Net Generation From Solar, All Sectors,Million Kilowatthours
SOETPUS,197913,Not Available,11,Electricity Net Generation From Solar, All Sectors,Million Kilowatthours
SOETPUS,198001,Not Available,11,Electricity Net Generation From Solar, All Sectors,Million Kilowatthours
SOETPUS,198002,Not Available,11,Electricity Net Generation From Solar, All Sectors,Million Kilowatthours
SOETPUS,198003,Not Available,11,Electricity Net Generation From Solar, All Sectors,Million Kilowatthours
SOETPUS,198004,Not Available,11,Electricity Net Generation From Solar, All Sectors,Million Kilowatthours
SOETPUS,198005,Not Available,11,Electricity Net Generation From Solar, All Sectors,Million Kilowatthours
SOETPUS,198006,Not Available,11,Electricity Net Generation From Solar, All Sectors,Million Kilowatthours
SOETPUS,198007,Not Available,11,Electricity Net Generation From Solar, All Sectors,Million Kilowatthours
SOETPUS,198008,Not Available,11,Electricity Net Generation From Solar, All Sectors,Million Kilowatthours
SOETPUS,198009,Not Available,11,Electricity Net Generation From Solar, All Sectors,Million Kilowatthours
SOETPUS,198010,Not Available,11,Electricity Net Generation From Solar, All Sectors,Million Kilowatthours
SOETPUS,198011,Not Available,11,Electricity Net Generation From Solar, All Sectors,Million Kilowatthours
SOETPUS,198012,Not Available,11,Electricity Net Generation From Solar, All Sectors,Million Kilowatthours
SOETPUS,198013,Not Available,11,Electricity Net Generation From Solar, All Sectors,Million Kilowatthours
SOETPUS,198101,Not Available,11,Electricity Net Generation From Solar, All Sectors,Million Kilowatthours
SOETPUS,198102,Not Available,11,Electricity Net Generation From Solar, All Sectors,Million Kilowatthours
SOETPUS,198103,Not Available,11,Electricity Net Generation From Solar, All Sectors,Million Kilowatthours
SOETPUS,198104,Not Available,11,Electricity Net Generation From Solar, All Sectors,Million Kilowatthours
SOETPUS,198105,Not Available,11,Electricity Net Generation From Solar, All Sectors,Million Kilowatthours
SOETPUS,198106,Not Available,11,Electricity Net Generation From Solar, All Sectors,Million Kilowatthours
SOETPUS,198107,Not Available,11,Electricity Net Generation From Solar, All Sectors,Million Kilowatthours
SOETPUS,198108,Not Available,11,Electricity Net Generation From Solar, All Sectors,Million Kilowatthours
SOETPUS,198109,Not Available,11,Electricity Net Generation From Solar, All Sectors,Million Kilowatthours
SOETPUS,198110,Not Available,11,Electricity Net Generation From Solar, All Sectors,Million Kilowatthours
SOETPUS,198111,Not Available,11,Electricity Net Generation From Solar, All Sectors,Million Kilowatthours
SOETPUS,198112,Not Available,11,Electricity Net Generation From Solar, All Sectors,Million Kilowatthours
SOETPUS,198113,Not Available,11,Electricity Net Generation From Solar, All Sectors,Million Kilowatthours
SOETPUS,198201,Not Available,11,Electricity Net Generation From Solar, All Sectors,Million Kilowatthours
SOETPUS,198202,Not Available,11,Electricity Net Generation From Solar, All Sectors,Million Kilowatthours
SOETPUS,198203,Not Available,11,Electricity Net Generation From Solar, All Sectors,Million Kilowatthours
SOETPUS,198204,Not Available,11,Electricity Net Generation From Solar, All Sectors,Million Kilowatthours
SOETPUS,198205,Not Available,11,Electricity Net Generation From Solar, All Sectors,Million Kilowatthours
SOETPUS,198206,Not Available,11,Electricity Net Generation From Solar, All Sectors,Million Kilowatthours
SOETPUS,198207,Not Available,11,Electricity Net Generation From Solar, All Sectors,Million Kilowatthours
SOETPUS,198208,Not Available,11,Electricity Net Generation From Solar, All Sectors,Million Kilowatthours
SOETPUS,198209,Not Available,11,Electricity Net Generation From Solar, All Sectors,Million Kilowatthours
SOETPUS,198210,Not Available,11,Electricity Net Generation From Solar, All Sectors,Million Kilowatthours
SOETPUS,198211,Not Available,11,Electricity Net Generation From Solar, All Sectors,Million Kilowatthours
SOETPUS,198212,Not Available,11,Electricity Net Generation From Solar, All Sectors,Million Kilowatthours
SOETPUS,198213,Not Available,11,Electricity Net Generation From Solar, All Sectors,Million Kilowatthours
SOETPUS,198301,Not Available,11,Electricity Net Generation From Solar, All Sectors,Million Kilowatthours
SOETPUS,198302,Not Available,11,Electricity Net Generation From Solar, All Sectors,Million Kilowatthours
SOETPUS,198303,Not Available,11,Electricity Net Generation From Solar, All Sectors,Million Kilowatthours
SOETPUS,198304,Not Available,11,Electricity Net Generation From Solar, All Sectors,Million Kilowatthours
SOETPUS,198305,Not Available,11,Electricity Net Generation From Solar, All Sectors,Million Kilowatthours
SOETPUS,198306,Not Available,11,Electricity Net Generation From Solar, All Sectors,Million Kilowatthours
SOETPUS,198307,Not Available,11,Electricity Net Generation From Solar, All Sectors,Million Kilowatthours
SOETPUS,198308,Not Available,11,Electricity Net Generation From Solar, All Sectors,Million Kilowatthours
SOETPUS,198309,Not Available,11,Electricity Net Generation From Solar, All Sectors,Million Kilowatthours
SOETPUS,198310,Not Available,11,Electricity Net Generation From Solar, All Sectors,Million Kilowatthours
SOETPUS,198311,Not Available,11,Electricity Net Generation From Solar, All Sectors,Million Kilowatthours
SOETPUS,198312,Not Available,11,Electricity Net Generation From Solar, All Sectors,Million Kilowatthours
SOETPUS,198313,Not Available,11,Electricity Net Generation From Solar, All Sectors,Million Kilowatthours
SOETPUS,198401,-0.069,11,Electricity Net Generation From Solar, All Sectors,Million Kilowatthours
SOETPUS,198402,0.061,11,Electricity Net Generation From Solar, All Sectors,Million Kilowatthours
SOETPUS,198403,0.17,11,Electricity Net Generation From Solar, All Sectors,Million Kilowatthours
SOETPUS,198404,0.323,11,Electricity Net Generation From Solar, All Sectors,Million Kilowatthours
SOETPUS,198405,0.703,11,Electricity Net Generation From Solar, All Sectors,Million Kilowatthours
SOETPUS,198406,0.945,11,Electricity Net Generation From Solar, All Sectors,Million Kilowatthours
SOETPUS,198407,0.253,11,Electricity Net Generation From Solar, All Sectors,Million Kilowatthours
SOETPUS,198408,0.883,11,Electricity Net Generation From Solar, All Sectors,Million Kilowatthours
SOETPUS,198409,0.976,11,Electricity Net Generation From Solar, All Sectors,Million Kilowatthours
SOETPUS,198410,0.683,11,Electricity Net Generation From Solar, All Sectors,Million Kilowatthours
SOETPUS,198411,0.337,11,Electricity Net Generation From Solar, All Sectors,Million Kilowatthours
SOETPUS,198412,-0.016,11,Electricity Net Generation From Solar, All Sectors,Million Kilowatthours
SOETPUS,198413,5.248,11,Electricity Net Generation From Solar, All Sectors,Million Kilowatthours
SOETPUS,198501,0.465,11,Electricity Net Generation From Solar, All Sectors,Million Kilowatthours
SOETPUS,198502,-0.085,11,Electricity Net Generation From Solar, All Sectors,Million Kilowatthours
SOETPUS,198503,0.104,11,Electricity Net Generation From Solar, All Sectors,Million Kilowatthours
SOETPUS,198504,1.222,11,Electricity Net Generation From Solar, All Sectors,Million Kilowatthours
SOETPUS,198505,1.471,11,Electricity Net Generation From Solar, All Sectors,Million Kilowatthours
SOETPUS,198506,1.568,11,Electricity Net Generation From Solar, All Sectors,Million Kilowatthours
SOETPUS,198507,1.055,11,Electricity Net Generation From Solar, All Sectors,Million Kilowatthours
SOETPUS,198508,2.007,11,Electricity Net Generation From Solar, All Sectors,Million Kilowatthours
SOETPUS,198509,1.369,11,Electricity Net Generation From Solar, All Sectors,Million Kilowatthours
SOETPUS,198510,0.947,11,Electricity Net Generation From Solar, All Sectors,Million Kilowatthours
SOETPUS,198511,0.276,11,Electricity Net Generation From Solar, All Sectors,Million Kilowatthours
SOETPUS,198512,0.231,11,Electricity Net Generation From Solar, All Sectors,Million Kilowatthours
SOETPUS,198513,10.63,11,Electricity Net Generation From Solar, All Sectors,Million Kilowatthours
SOETPUS,198601,0.638,11,Electricity Net Generation From Solar, All Sectors,Million Kilowatthours
SOETPUS,198602,0.592,11,Electricity Net Generation From Solar, All Sectors,Million Kilowatthours
SOETPUS,198603,1.014,11,Electricity Net Generation From Solar, All Sectors,Million Kilowatthours
SOETPUS,198604,1.377,11,Electricity Net Generation From Solar, All Sectors,Million Kilowatthours
SOETPUS,198605,1.828,11,Electricity Net Generation From Solar, All Sectors,Million Kilowatthours
SOETPUS,198606,1.409,11,Electricity Net Generation From Solar, All Sectors,Million Kilowatthours
SOETPUS,198607,1.669,11,Electricity Net Generation From Solar, All Sectors,Million Kilowatthours
SOETPUS,198608,1.629,11,Electricity Net Generation From Solar, All Sectors,Million Kilowatthours
SOETPUS,198609,1.438,11,Electricity Net Generation From Solar, All Sectors,Million Kilowatthours
SOETPUS,198610,1.289,11,Electricity Net Generation From Solar, All Sectors,Million Kilowatthours
SOETPUS,198611,0.895,11,Electricity Net Generation From Solar, All Sectors,Million Kilowatthours
SOETPUS,198612,0.254,11,Electricity Net Generation From Solar, All Sectors,Million Kilowatthours
SOETPUS,198613,14.032,11,Electricity Net Generation From Solar, All Sectors,Million Kilowatthours
SOETPUS,198701,0.062,11,Electricity Net Generation From Solar, All Sectors,Million Kilowatthours
SOETPUS,198702,0.532,11,Electricity Net Generation From Solar, All Sectors,Million Kilowatthours
SOETPUS,198703,0.902,11,Electricity Net Generation From Solar, All Sectors,Million Kilowatthours
SOETPUS,198704,1.278,11,Electricity Net Generation From Solar, All Sectors,Million Kilowatthours
SOETPUS,198705,1.251,11,Electricity Net Generation From Solar, All Sectors,Million Kilowatthours
SOETPUS,198706,1.665,11,Electricity Net Generation From Solar, All Sectors,Million Kilowatthours
SOETPUS,198707,1.785,11,Electricity Net Generation From Solar, All Sectors,Million Kilowatthours
SOETPUS,198708,1.19,11,Electricity Net Generation From Solar, All Sectors,Million Kilowatthours
SOETPUS,198709,0.774,11,Electricity Net Generation From Solar, All Sectors,Million Kilowatthours
SOETPUS,198710,0.576,11,Electricity Net Generation From Solar, All Sectors,Million Kilowatthours
SOETPUS,198711,0.322,11,Electricity Net Generation From Solar, All Sectors,Million Kilowatthours
SOETPUS,198712,0.159,11,Electricity Net Generation From Solar, All Sectors,Million Kilowatthours
SOETPUS,198713,10.497,11,Electricity Net Generation From Solar, All Sectors,Million Kilowatthours
SOETPUS,198801,0.458,11,Electricity Net Generation From Solar, All Sectors,Million Kilowatthours
SOETPUS,198802,0.767,11,Electricity Net Generation From Solar, All Sectors,Million Kilowatthours
SOETPUS,198803,1.288,11,Electricity Net Generation From Solar, All Sectors,Million Kilowatthours
SOETPUS,198804,0.478,11,Electricity Net Generation From Solar, All Sectors,Million Kilowatthours
SOETPUS,198805,1.263,11,Electricity Net Generation From Solar, All Sectors,Million Kilowatthours
SOETPUS,198806,1.358,11,Electricity Net Generation From Solar, All Sectors,Million Kilowatthours
SOETPUS,198807,1.115,11,Electricity Net Generation From Solar, All Sectors,Million Kilowatthours
SOETPUS,198808,1.131,11,Electricity Net Generation From Solar, All Sectors,Million Kilowatthours
SOETPUS,198809,0.971,11,Electricity Net Generation From Solar, All Sectors,Million Kilowatthours
SOETPUS,198810,0.137,11,Electricity Net Generation From Solar, All Sectors,Million Kilowatthours
SOETPUS,198811,0.068,11,Electricity Net Generation From Solar, All Sectors,Million Kilowatthours
SOETPUS,198812,0.059,11,Electricity Net Generation From Solar, All Sectors,Million Kilowatthours
SOETPUS,198813,9.094,11,Electricity Net Generation From Solar, All Sectors,Million Kilowatthours
SOETPUS,198901,6.957,11,Electricity Net Generation From Solar, All Sectors,Million Kilowatthours
SOETPUS,198902,7.414,11,Electricity Net Generation From Solar, All Sectors,Million Kilowatthours
SOETPUS,198903,19.086,11,Electricity Net Generation From Solar, All Sectors,Million Kilowatthours
SOETPUS,198904,23.655,11,Electricity Net Generation From Solar, All Sectors,Million Kilowatthours
SOETPUS,198905,15.56,11,Electricity Net Generation From Solar, All Sectors,Million Kilowatthours
SOETPUS,198906,21.626,11,Electricity Net Generation From Solar, All Sectors,Million Kilowatthours
SOETPUS,198907,35.589,11,Electricity Net Generation From Solar, All Sectors,Million Kilowatthours
SOETPUS,198908,26.226,11,Electricity Net Generation From Solar, All Sectors,Million Kilowatthours
SOETPUS,198909,31.453,11,Electricity Net Generation From Solar, All Sectors,Million Kilowatthours
SOETPUS,198910,28.156,11,Electricity Net Generation From Solar, All Sectors,Million Kilowatthours
SOETPUS,198911,24.616,11,Electricity Net Generation From Solar, All Sectors,Million Kilowatthours
SOETPUS,198912,10.263,11,Electricity Net Generation From Solar, All Sectors,Million Kilowatthours
SOETPUS,198913,250.601,11,Electricity Net Generation From Solar, All Sectors,Million Kilowatthours
SOETPUS,199001,14.995,11,Electricity Net Generation From Solar, All Sectors,Million Kilowatthours
SOETPUS,199002,17.994,11,Electricity Net Generation From Solar, All Sectors,Million Kilowatthours
SOETPUS,199003,25.492,11,Electricity Net Generation From Solar, All Sectors,Million Kilowatthours
SOETPUS,199004,27.741,11,Electricity Net Generation From Solar, All Sectors,Million Kilowatthours
SOETPUS,199005,46.636,11,Electricity Net Generation From Solar, All Sectors,Million Kilowatthours
SOETPUS,199006,37.938,11,Electricity Net Generation From Solar, All Sectors,Million Kilowatthours
SOETPUS,199007,46.636,11,Electricity Net Generation From Solar, All Sectors,Million Kilowatthours
SOETPUS,199008,48.885,11,Electricity Net Generation From Solar, All Sectors,Million Kilowatthours
SOETPUS,199009,31.34,11,Electricity Net Generation From Solar, All Sectors,Million Kilowatthours
SOETPUS,199010,33.74,11,Electricity Net Generation From Solar, All Sectors,Million Kilowatthours
SOETPUS,199011,16.345,11,Electricity Net Generation From Solar, All Sectors,Million Kilowatthours
SOETPUS,199012,19.344,11,Electricity Net Generation From Solar, All Sectors,Million Kilowatthours
SOETPUS,199013,367.087,11,Electricity Net Generation From Solar, All Sectors,Million Kilowatthours
SOETPUS,199101,19.928,11,Electricity Net Generation From Solar, All Sectors,Million Kilowatthours
SOETPUS,199102,21.482,11,Electricity Net Generation From Solar, All Sectors,Million Kilowatthours
SOETPUS,199103,6.077,11,Electricity Net Generation From Solar, All Sectors,Million Kilowatthours
SOETPUS,199104,6.501,11,Electricity Net Generation From Solar, All Sectors,Million Kilowatthours
SOETPUS,199105,62.751,11,Electricity Net Generation From Solar, All Sectors,Million Kilowatthours
SOETPUS,199106,67.133,11,Electricity Net Generation From Solar, All Sectors,Million Kilowatthours
SOETPUS,199107,82.396,11,Electricity Net Generation From Solar, All Sectors,Million Kilowatthours
SOETPUS,199108,71.514,11,Electricity Net Generation From Solar, All Sectors,Million Kilowatthours
SOETPUS,199109,60.207,11,Electricity Net Generation From Solar, All Sectors,Million Kilowatthours
SOETPUS,199110,35.616,11,Electricity Net Generation From Solar, All Sectors,Million Kilowatthours
SOETPUS,199111,25.157,11,Electricity Net Generation From Solar, All Sectors,Million Kilowatthours
SOETPUS,199112,13.003,11,Electricity Net Generation From Solar, All Sectors,Million Kilowatthours
SOETPUS,199113,471.765,11,Electricity Net Generation From Solar, All Sectors,Million Kilowatthours
SOETPUS,199201,8.702,11,Electricity Net Generation From Solar, All Sectors,Million Kilowatthours
SOETPUS,199202,11.098,11,Electricity Net Generation From Solar, All Sectors,Million Kilowatthours
SOETPUS,199203,14.124,11,Electricity Net Generation From Solar, All Sectors,Million Kilowatthours
SOETPUS,199204,29.257,11,Electricity Net Generation From Solar, All Sectors,Million Kilowatthours
SOETPUS,199205,46.913,11,Electricity Net Generation From Solar, All Sectors,Million Kilowatthours
SOETPUS,199206,45.904,11,Electricity Net Generation From Solar, All Sectors,Million Kilowatthours
SOETPUS,199207,62.172,11,Electricity Net Generation From Solar, All Sectors,Million Kilowatthours
SOETPUS,199208,60.406,11,Electricity Net Generation From Solar, All Sectors,Million Kilowatthours
SOETPUS,199209,46.03,11,Electricity Net Generation From Solar, All Sectors,Million Kilowatthours
SOETPUS,199210,37.581,11,Electricity Net Generation From Solar, All Sectors,Million Kilowatthours
SOETPUS,199211,28.375,11,Electricity Net Generation From Solar, All Sectors,Million Kilowatthours
SOETPUS,199212,9.08,11,Electricity Net Generation From Solar, All Sectors,Million Kilowatthours
SOETPUS,199213,399.64,11,Electricity Net Generation From Solar, All Sectors,Million Kilowatthours
SOETPUS,199301,9.366,11,Electricity Net Generation From Solar, All Sectors,Million Kilowatthours
SOETPUS,199302,17.759,11,Electricity Net Generation From Solar, All Sectors,Million Kilowatthours
SOETPUS,199303,34.544,11,Electricity Net Generation From Solar, All Sectors,Million Kilowatthours
SOETPUS,199304,54.127,11,Electricity Net Generation From Solar, All Sectors,Million Kilowatthours
SOETPUS,199305,49.505,11,Electricity Net Generation From Solar, All Sectors,Million Kilowatthours
SOETPUS,199306,35.395,11,Electricity Net Generation From Solar, All Sectors,Million Kilowatthours
SOETPUS,199307,62.398,11,Electricity Net Generation From Solar, All Sectors,Million Kilowatthours
SOETPUS,199308,68.237,11,Electricity Net Generation From Solar, All Sectors,Million Kilowatthours
SOETPUS,199309,56.56,11,Electricity Net Generation From Solar, All Sectors,Million Kilowatthours
SOETPUS,199310,33.936,11,Electricity Net Generation From Solar, All Sectors,Million Kilowatthours
SOETPUS,199311,26.759,11,Electricity Net Generation From Solar, All Sectors,Million Kilowatthours
SOETPUS,199312,13.866,11,Electricity Net Generation From Solar, All Sectors,Million Kilowatthours
SOETPUS,199313,462.452,11,Electricity Net Generation From Solar, All Sectors,Million Kilowatthours
SOETPUS,199401,25.368,11,Electricity Net Generation From Solar, All Sectors,Million Kilowatthours
SOETPUS,199402,21.584,11,Electricity Net Generation From Solar, All Sectors,Million Kilowatthours
SOETPUS,199403,49.475,11,Electricity Net Generation From Solar, All Sectors,Million Kilowatthours
SOETPUS,199404,48.074,11,Electricity Net Generation From Solar, All Sectors,Million Kilowatthours
SOETPUS,199405,50.036,11,Electricity Net Generation From Solar, All Sectors,Million Kilowatthours
SOETPUS,199406,56.483,11,Electricity Net Generation From Solar, All Sectors,Million Kilowatthours
SOETPUS,199407,53.119,11,Electricity Net Generation From Solar, All Sectors,Million Kilowatthours
SOETPUS,199408,39.384,11,Electricity Net Generation From Solar, All Sectors,Million Kilowatthours
SOETPUS,199409,49.615,11,Electricity Net Generation From Solar, All Sectors,Million Kilowatthours
SOETPUS,199410,55.782,11,Electricity Net Generation From Solar, All Sectors,Million Kilowatthours
SOETPUS,199411,27.611,11,Electricity Net Generation From Solar, All Sectors,Million Kilowatthours
SOETPUS,199412,10.091,11,Electricity Net Generation From Solar, All Sectors,Million Kilowatthours
SOETPUS,199413,486.622,11,Electricity Net Generation From Solar, All Sectors,Million Kilowatthours
SOETPUS,199501,5.211,11,Electricity Net Generation From Solar, All Sectors,Million Kilowatthours
SOETPUS,199502,9.024,11,Electricity Net Generation From Solar, All Sectors,Million Kilowatthours
SOETPUS,199503,17.666,11,Electricity Net Generation From Solar, All Sectors,Million Kilowatthours
SOETPUS,199504,51.22,11,Electricity Net Generation From Solar, All Sectors,Million Kilowatthours
SOETPUS,199505,67.997,11,Electricity Net Generation From Solar, All Sectors,Million Kilowatthours
SOETPUS,199506,81.342,11,Electricity Net Generation From Solar, All Sectors,Million Kilowatthours
SOETPUS,199507,72.572,11,Electricity Net Generation From Solar, All Sectors,Million Kilowatthours
SOETPUS,199508,70.284,11,Electricity Net Generation From Solar, All Sectors,Million Kilowatthours
SOETPUS,199509,52.237,11,Electricity Net Generation From Solar, All Sectors,Million Kilowatthours
SOETPUS,199510,35.968,11,Electricity Net Generation From Solar, All Sectors,Million Kilowatthours
SOETPUS,199511,25.165,11,Electricity Net Generation From Solar, All Sectors,Million Kilowatthours
SOETPUS,199512,8.134,11,Electricity Net Generation From Solar, All Sectors,Million Kilowatthours
SOETPUS,199513,496.821,11,Electricity Net Generation From Solar, All Sectors,Million Kilowatthours
SOETPUS,199601,12.993,11,Electricity Net Generation From Solar, All Sectors,Million Kilowatthours
SOETPUS,199602,19.079,11,Electricity Net Generation From Solar, All Sectors,Million Kilowatthours
SOETPUS,199603,59.209,11,Electricity Net Generation From Solar, All Sectors,Million Kilowatthours
SOETPUS,199604,74.34,11,Electricity Net Generation From Solar, All Sectors,Million Kilowatthours
SOETPUS,199605,85.689,11,Electricity Net Generation From Solar, All Sectors,Million Kilowatthours
SOETPUS,199606,91.281,11,Electricity Net Generation From Solar, All Sectors,Million Kilowatthours
SOETPUS,199607,71.215,11,Electricity Net Generation From Solar, All Sectors,Million Kilowatthours
SOETPUS,199608,31.907,11,Electricity Net Generation From Solar, All Sectors,Million Kilowatthours
SOETPUS,199609,10.033,11,Electricity Net Generation From Solar, All Sectors,Million Kilowatthours
SOETPUS,199610,28.289,11,Electricity Net Generation From Solar, All Sectors,Million Kilowatthours
SOETPUS,199611,19.901,11,Electricity Net Generation From Solar, All Sectors,Million Kilowatthours
SOETPUS,199612,17.269,11,Electricity Net Generation From Solar, All Sectors,Million Kilowatthours
SOETPUS,199613,521.205,11,Electricity Net Generation From Solar, All Sectors,Million Kilowatthours
SOETPUS,199701,11.748,11,Electricity Net Generation From Solar, All Sectors,Million Kilowatthours
SOETPUS,199702,34.215,11,Electricity Net Generation From Solar, All Sectors,Million Kilowatthours
SOETPUS,199703,44.935,11,Electricity Net Generation From Solar, All Sectors,Million Kilowatthours
SOETPUS,199704,61.969,11,Electricity Net Generation From Solar, All Sectors,Million Kilowatthours
SOETPUS,199705,52.864,11,Electricity Net Generation From Solar, All Sectors,Million Kilowatthours
SOETPUS,199706,78.122,11,Electricity Net Generation From Solar, All Sectors,Million Kilowatthours
SOETPUS,199707,72.395,11,Electricity Net Generation From Solar, All Sectors,Million Kilowatthours
SOETPUS,199708,60.207,11,Electricity Net Generation From Solar, All Sectors,Million Kilowatthours
SOETPUS,199709,33.774,11,Electricity Net Generation From Solar, All Sectors,Million Kilowatthours
SOETPUS,199710,32.6,11,Electricity Net Generation From Solar, All Sectors,Million Kilowatthours
SOETPUS,199711,16.447,11,Electricity Net Generation From Solar, All Sectors,Million Kilowatthours
SOETPUS,199712,11.894,11,Electricity Net Generation From Solar, All Sectors,Million Kilowatthours
SOETPUS,199713,511.168,11,Electricity Net Generation From Solar, All Sectors,Million Kilowatthours
SOETPUS,199801,8.78,11,Electricity Net Generation From Solar, All Sectors,Million Kilowatthours
SOETPUS,199802,6.785,11,Electricity Net Generation From Solar, All Sectors,Million Kilowatthours
SOETPUS,199803,49.888,11,Electricity Net Generation From Solar, All Sectors,Million Kilowatthours
SOETPUS,199804,55.476,11,Electricity Net Generation From Solar, All Sectors,Million Kilowatthours
SOETPUS,199805,37.715,11,Electricity Net Generation From Solar, All Sectors,Million Kilowatthours
SOETPUS,199806,66.85,11,Electricity Net Generation From Solar, All Sectors,Million Kilowatthours
SOETPUS,199807,81.018,11,Electricity Net Generation From Solar, All Sectors,Million Kilowatthours
SOETPUS,199808,72.837,11,Electricity Net Generation From Solar, All Sectors,Million Kilowatthours
SOETPUS,199809,51.884,11,Electricity Net Generation From Solar, All Sectors,Million Kilowatthours
SOETPUS,199810,37.516,11,Electricity Net Generation From Solar, All Sectors,Million Kilowatthours
SOETPUS,199811,20.155,11,Electricity Net Generation From Solar, All Sectors,Million Kilowatthours
SOETPUS,199812,13.57,11,Electricity Net Generation From Solar, All Sectors,Million Kilowatthours
SOETPUS,199813,502.473,11,Electricity Net Generation From Solar, All Sectors,Million Kilowatthours
SOETPUS,199901,7.667,11,Electricity Net Generation From Solar, All Sectors,Million Kilowatthours
SOETPUS,199902,14.029,11,Electricity Net Generation From Solar, All Sectors,Million Kilowatthours
SOETPUS,199903,38.334,11,Electricity Net Generation From Solar, All Sectors,Million Kilowatthours
SOETPUS,199904,54.81,11,Electricity Net Generation From Solar, All Sectors,Million Kilowatthours
SOETPUS,199905,63.292,11,Electricity Net Generation From Solar, All Sectors,Million Kilowatthours
SOETPUS,199906,66.065,11,Electricity Net Generation From Solar, All Sectors,Million Kilowatthours
SOETPUS,199907,66.555,11,Electricity Net Generation From Solar, All Sectors,Million Kilowatthours
SOETPUS,199908,54.647,11,Electricity Net Generation From Solar, All Sectors,Million Kilowatthours
SOETPUS,199909,38.008,11,Electricity Net Generation From Solar, All Sectors,Million Kilowatthours
SOETPUS,199910,48.611,11,Electricity Net Generation From Solar, All Sectors,Million Kilowatthours
SOETPUS,199911,25.121,11,Electricity Net Generation From Solar, All Sectors,Million Kilowatthours
SOETPUS,199912,17.944,11,Electricity Net Generation From Solar, All Sectors,Million Kilowatthours
SOETPUS,199913,495.082,11,Electricity Net Generation From Solar, All Sectors,Million Kilowatthours
SOETPUS,200001,9.119,11,Electricity Net Generation From Solar, All Sectors,Million Kilowatthours
SOETPUS,200002,21.147,11,Electricity Net Generation From Solar, All Sectors,Million Kilowatthours
SOETPUS,200003,27.356,11,Electricity Net Generation From Solar, All Sectors,Million Kilowatthours
SOETPUS,200004,36.862,11,Electricity Net Generation From Solar, All Sectors,Million Kilowatthours
SOETPUS,200005,54.712,11,Electricity Net Generation From Solar, All Sectors,Million Kilowatthours
SOETPUS,200006,58.204,11,Electricity Net Generation From Solar, All Sectors,Million Kilowatthours
SOETPUS,200007,82.456,11,Electricity Net Generation From Solar, All Sectors,Million Kilowatthours
SOETPUS,200008,66.352,11,Electricity Net Generation From Solar, All Sectors,Million Kilowatthours
SOETPUS,200009,61.696,11,Electricity Net Generation From Solar, All Sectors,Million Kilowatthours
SOETPUS,200010,40.161,11,Electricity Net Generation From Solar, All Sectors,Million Kilowatthours
SOETPUS,200011,19.983,11,Electricity Net Generation From Solar, All Sectors,Million Kilowatthours
SOETPUS,200012,15.327,11,Electricity Net Generation From Solar, All Sectors,Million Kilowatthours
SOETPUS,200013,493.375,11,Electricity Net Generation From Solar, All Sectors,Million Kilowatthours
SOETPUS,200101,6.5,11,Electricity Net Generation From Solar, All Sectors,Million Kilowatthours
SOETPUS,200102,12.568,11,Electricity Net Generation From Solar, All Sectors,Million Kilowatthours
SOETPUS,200103,31.498,11,Electricity Net Generation From Solar, All Sectors,Million Kilowatthours
SOETPUS,200104,38.759,11,Electricity Net Generation From Solar, All Sectors,Million Kilowatthours
SOETPUS,200105,81.053,11,Electricity Net Generation From Solar, All Sectors,Million Kilowatthours
SOETPUS,200106,91.143,11,Electricity Net Generation From Solar, All Sectors,Million Kilowatthours
SOETPUS,200107,91.994,11,Electricity Net Generation From Solar, All Sectors,Million Kilowatthours
SOETPUS,200108,85.299,11,Electricity Net Generation From Solar, All Sectors,Million Kilowatthours
SOETPUS,200109,64.803,11,Electricity Net Generation From Solar, All Sectors,Million Kilowatthours
SOETPUS,200110,20.813,11,Electricity Net Generation From Solar, All Sectors,Million Kilowatthours
SOETPUS,200111,14.289,11,Electricity Net Generation From Solar, All Sectors,Million Kilowatthours
SOETPUS,200112,4.036,11,Electricity Net Generation From Solar, All Sectors,Million Kilowatthours
SOETPUS,200113,542.755,11,Electricity Net Generation From Solar, All Sectors,Million Kilowatthours
SOETPUS,200201,11.32,11,Electricity Net Generation From Solar, All Sectors,Million Kilowatthours
SOETPUS,200202,23.565,11,Electricity Net Generation From Solar, All Sectors,Million Kilowatthours
SOETPUS,200203,44.397,11,Electricity Net Generation From Solar, All Sectors,Million Kilowatthours
SOETPUS,200204,45.858,11,Electricity Net Generation From Solar, All Sectors,Million Kilowatthours
SOETPUS,200205,57.64,11,Electricity Net Generation From Solar, All Sectors,Million Kilowatthours
SOETPUS,200206,95.543,11,Electricity Net Generation From Solar, All Sectors,Million Kilowatthours
SOETPUS,200207,85.537,11,Electricity Net Generation From Solar, All Sectors,Million Kilowatthours
SOETPUS,200208,74.925,11,Electricity Net Generation From Solar, All Sectors,Million Kilowatthours
SOETPUS,200209,52.608,11,Electricity Net Generation From Solar, All Sectors,Million Kilowatthours
SOETPUS,200210,30.956,11,Electricity Net Generation From Solar, All Sectors,Million Kilowatthours
SOETPUS,200211,28.175,11,Electricity Net Generation From Solar, All Sectors,Million Kilowatthours
SOETPUS,200212,4.307,11,Electricity Net Generation From Solar, All Sectors,Million Kilowatthours
SOETPUS,200213,554.831,11,Electricity Net Generation From Solar, All Sectors,Million Kilowatthours
SOETPUS,200301,13.217,11,Electricity Net Generation From Solar, All Sectors,Million Kilowatthours
SOETPUS,200302,17.83,11,Electricity Net Generation From Solar, All Sectors,Million Kilowatthours
SOETPUS,200303,50.027,11,Electricity Net Generation From Solar, All Sectors,Million Kilowatthours
SOETPUS,200304,60.309,11,Electricity Net Generation From Solar, All Sectors,Million Kilowatthours
SOETPUS,200305,67.962,11,Electricity Net Generation From Solar, All Sectors,Million Kilowatthours
SOETPUS,200306,90.682,11,Electricity Net Generation From Solar, All Sectors,Million Kilowatthours
SOETPUS,200307,62.407,11,Electricity Net Generation From Solar, All Sectors,Million Kilowatthours
SOETPUS,200308,61.992,11,Electricity Net Generation From Solar, All Sectors,Million Kilowatthours
SOETPUS,200309,55.857,11,Electricity Net Generation From Solar, All Sectors,Million Kilowatthours
SOETPUS,200310,35.436,11,Electricity Net Generation From Solar, All Sectors,Million Kilowatthours
SOETPUS,200311,14.031,11,Electricity Net Generation From Solar, All Sectors,Million Kilowatthours
SOETPUS,200312,4.251,11,Electricity Net Generation From Solar, All Sectors,Million Kilowatthours
SOETPUS,200313,534.001,11,Electricity Net Generation From Solar, All Sectors,Million Kilowatthours
SOETPUS,200401,12.61,11,Electricity Net Generation From Solar, All Sectors,Million Kilowatthours
SOETPUS,200402,10.862,11,Electricity Net Generation From Solar, All Sectors,Million Kilowatthours
SOETPUS,200403,52.929,11,Electricity Net Generation From Solar, All Sectors,Million Kilowatthours
SOETPUS,200404,56.902,11,Electricity Net Generation From Solar, All Sectors,Million Kilowatthours
SOETPUS,200405,81.776,11,Electricity Net Generation From Solar, All Sectors,Million Kilowatthours
SOETPUS,200406,87.876,11,Electricity Net Generation From Solar, All Sectors,Million Kilowatthours
SOETPUS,200407,82.103,11,Electricity Net Generation From Solar, All Sectors,Million Kilowatthours
SOETPUS,200408,72.846,11,Electricity Net Generation From Solar, All Sectors,Million Kilowatthours
SOETPUS,200409,60.632,11,Electricity Net Generation From Solar, All Sectors,Million Kilowatthours
SOETPUS,200410,33.521,11,Electricity Net Generation From Solar, All Sectors,Million Kilowatthours
SOETPUS,200411,15.342,11,Electricity Net Generation From Solar, All Sectors,Million Kilowatthours
SOETPUS,200412,7.758,11,Electricity Net Generation From Solar, All Sectors,Million Kilowatthours
SOETPUS,200413,575.155,11,Electricity Net Generation From Solar, All Sectors,Million Kilowatthours
SOETPUS,200501,8.668,11,Electricity Net Generation From Solar, All Sectors,Million Kilowatthours
SOETPUS,200502,13.082,11,Electricity Net Generation From Solar, All Sectors,Million Kilowatthours
SOETPUS,200503,38.157,11,Electricity Net Generation From Solar, All Sectors,Million Kilowatthours
SOETPUS,200504,58.263,11,Electricity Net Generation From Solar, All Sectors,Million Kilowatthours
SOETPUS,200505,81.153,11,Electricity Net Generation From Solar, All Sectors,Million Kilowatthours
SOETPUS,200506,88.476,11,Electricity Net Generation From Solar, All Sectors,Million Kilowatthours
SOETPUS,200507,72.329,11,Electricity Net Generation From Solar, All Sectors,Million Kilowatthours
SOETPUS,200508,75.845,11,Electricity Net Generation From Solar, All Sectors,Million Kilowatthours
SOETPUS,200509,61.108,11,Electricity Net Generation From Solar, All Sectors,Million Kilowatthours
SOETPUS,200510,37.665,11,Electricity Net Generation From Solar, All Sectors,Million Kilowatthours
SOETPUS,200511,12.755,11,Electricity Net Generation From Solar, All Sectors,Million Kilowatthours
SOETPUS,200512,2.793,11,Electricity Net Generation From Solar, All Sectors,Million Kilowatthours
SOETPUS,200513,550.294,11,Electricity Net Generation From Solar, All Sectors,Million Kilowatthours
SOETPUS,200601,12.935,11,Electricity Net Generation From Solar, All Sectors,Million Kilowatthours
SOETPUS,200602,19.533,11,Electricity Net Generation From Solar, All Sectors,Million Kilowatthours
SOETPUS,200603,33.404,11,Electricity Net Generation From Solar, All Sectors,Million Kilowatthours
SOETPUS,200604,52.074,11,Electricity Net Generation From Solar, All Sectors,Million Kilowatthours
SOETPUS,200605,70.735,11,Electricity Net Generation From Solar, All Sectors,Million Kilowatthours
SOETPUS,200606,69.702,11,Electricity Net Generation From Solar, All Sectors,Million Kilowatthours
SOETPUS,200607,61.656,11,Electricity Net Generation From Solar, All Sectors,Million Kilowatthours
SOETPUS,200608,82.993,11,Electricity Net Generation From Solar, All Sectors,Million Kilowatthours
SOETPUS,200609,53.99,11,Electricity Net Generation From Solar, All Sectors,Million Kilowatthours
SOETPUS,200610,32.283,11,Electricity Net Generation From Solar, All Sectors,Million Kilowatthours
SOETPUS,200611,15.686,11,Electricity Net Generation From Solar, All Sectors,Million Kilowatthours
SOETPUS,200612,2.713,11,Electricity Net Generation From Solar, All Sectors,Million Kilowatthours
SOETPUS,200613,507.706,11,Electricity Net Generation From Solar, All Sectors,Million Kilowatthours
SOETPUS,200701,12.842,11,Electricity Net Generation From Solar, All Sectors,Million Kilowatthours
SOETPUS,200702,19.244,11,Electricity Net Generation From Solar, All Sectors,Million Kilowatthours
SOETPUS,200703,48.488,11,Electricity Net Generation From Solar, All Sectors,Million Kilowatthours
SOETPUS,200704,54.464,11,Electricity Net Generation From Solar, All Sectors,Million Kilowatthours
SOETPUS,200705,84.192,11,Electricity Net Generation From Solar, All Sectors,Million Kilowatthours
SOETPUS,200706,84.458,11,Electricity Net Generation From Solar, All Sectors,Million Kilowatthours
SOETPUS,200707,85.793,11,Electricity Net Generation From Solar, All Sectors,Million Kilowatthours
SOETPUS,200708,75.163,11,Electricity Net Generation From Solar, All Sectors,Million Kilowatthours
SOETPUS,200709,68.212,11,Electricity Net Generation From Solar, All Sectors,Million Kilowatthours
SOETPUS,200710,49.233,11,Electricity Net Generation From Solar, All Sectors,Million Kilowatthours
SOETPUS,200711,24.302,11,Electricity Net Generation From Solar, All Sectors,Million Kilowatthours
SOETPUS,200712,5.402,11,Electricity Net Generation From Solar, All Sectors,Million Kilowatthours
SOETPUS,200713,611.793,11,Electricity Net Generation From Solar, All Sectors,Million Kilowatthours
SOETPUS,200801,16.289,11,Electricity Net Generation From Solar, All Sectors,Million Kilowatthours
SOETPUS,200802,35.842,11,Electricity Net Generation From Solar, All Sectors,Million Kilowatthours
SOETPUS,200803,74.6,11,Electricity Net Generation From Solar, All Sectors,Million Kilowatthours
SOETPUS,200804,94.141,11,Electricity Net Generation From Solar, All Sectors,Million Kilowatthours
SOETPUS,200805,98.744,11,Electricity Net Generation From Solar, All Sectors,Million Kilowatthours
SOETPUS,200806,128.164,11,Electricity Net Generation From Solar, All Sectors,Million Kilowatthours
SOETPUS,200807,110.878,11,Electricity Net Generation From Solar, All Sectors,Million Kilowatthours
SOETPUS,200808,105.282,11,Electricity Net Generation From Solar, All Sectors,Million Kilowatthours
SOETPUS,200809,92.597,11,Electricity Net Generation From Solar, All Sectors,Million Kilowatthours
SOETPUS,200810,60.243,11,Electricity Net Generation From Solar, All Sectors,Million Kilowatthours
SOETPUS,200811,28.848,11,Electricity Net Generation From Solar, All Sectors,Million Kilowatthours
SOETPUS,200812,18.687,11,Electricity Net Generation From Solar, All Sectors,Million Kilowatthours
SOETPUS,200813,864.315,11,Electricity Net Generation From Solar, All Sectors,Million Kilowatthours
SOETPUS,200901,7.19,11,Electricity Net Generation From Solar, All Sectors,Million Kilowatthours
SOETPUS,200902,30.444,11,Electricity Net Generation From Solar, All Sectors,Million Kilowatthours
SOETPUS,200903,78.107,11,Electricity Net Generation From Solar, All Sectors,Million Kilowatthours
SOETPUS,200904,99.416,11,Electricity Net Generation From Solar, All Sectors,Million Kilowatthours
SOETPUS,200905,110.425,11,Electricity Net Generation From Solar, All Sectors,Million Kilowatthours
SOETPUS,200906,103.413,11,Electricity Net Generation From Solar, All Sectors,Million Kilowatthours
SOETPUS,200907,121.188,11,Electricity Net Generation From Solar, All Sectors,Million Kilowatthours
SOETPUS,200908,116.291,11,Electricity Net Generation From Solar, All Sectors,Million Kilowatthours
SOETPUS,200909,94.994,11,Electricity Net Generation From Solar, All Sectors,Million Kilowatthours
SOETPUS,200910,68.101,11,Electricity Net Generation From Solar, All Sectors,Million Kilowatthours
SOETPUS,200911,40.402,11,Electricity Net Generation From Solar, All Sectors,Million Kilowatthours
SOETPUS,200912,21.209,11,Electricity Net Generation From Solar, All Sectors,Million Kilowatthours
SOETPUS,200913,891.179,11,Electricity Net Generation From Solar, All Sectors,Million Kilowatthours
SOETPUS,201001,9.866,11,Electricity Net Generation From Solar, All Sectors,Million Kilowatthours
SOETPUS,201002,32.824,11,Electricity Net Generation From Solar, All Sectors,Million Kilowatthours
SOETPUS,201003,75.999,11,Electricity Net Generation From Solar, All Sectors,Million Kilowatthours
SOETPUS,201004,112.279,11,Electricity Net Generation From Solar, All Sectors,Million Kilowatthours
SOETPUS,201005,153.172,11,Electricity Net Generation From Solar, All Sectors,Million Kilowatthours
SOETPUS,201006,176.053,11,Electricity Net Generation From Solar, All Sectors,Million Kilowatthours
SOETPUS,201007,161.382,11,Electricity Net Generation From Solar, All Sectors,Million Kilowatthours
SOETPUS,201008,156.393,11,Electricity Net Generation From Solar, All Sectors,Million Kilowatthours
SOETPUS,201009,137.581,11,Electricity Net Generation From Solar, All Sectors,Million Kilowatthours
SOETPUS,201010,75.436,11,Electricity Net Generation From Solar, All Sectors,Million Kilowatthours
SOETPUS,201011,76.795,11,Electricity Net Generation From Solar, All Sectors,Million Kilowatthours
SOETPUS,201012,44.401,11,Electricity Net Generation From Solar, All Sectors,Million Kilowatthours
SOETPUS,201013,1212.182,11,Electricity Net Generation From Solar, All Sectors,Million Kilowatthours
SOETPUS,201101,39.782,11,Electricity Net Generation From Solar, All Sectors,Million Kilowatthours
SOETPUS,201102,85.299,11,Electricity Net Generation From Solar, All Sectors,Million Kilowatthours
SOETPUS,201103,122.3,11,Electricity Net Generation From Solar, All Sectors,Million Kilowatthours
SOETPUS,201104,164.006,11,Electricity Net Generation From Solar, All Sectors,Million Kilowatthours
SOETPUS,201105,190.669,11,Electricity Net Generation From Solar, All Sectors,Million Kilowatthours
SOETPUS,201106,222.773,11,Electricity Net Generation From Solar, All Sectors,Million Kilowatthours
SOETPUS,201107,191.102,11,Electricity Net Generation From Solar, All Sectors,Million Kilowatthours
SOETPUS,201108,229.163,11,Electricity Net Generation From Solar, All Sectors,Million Kilowatthours
SOETPUS,201109,185.72,11,Electricity Net Generation From Solar, All Sectors,Million Kilowatthours
SOETPUS,201110,158.86,11,Electricity Net Generation From Solar, All Sectors,Million Kilowatthours
SOETPUS,201111,107.37,11,Electricity Net Generation From Solar, All Sectors,Million Kilowatthours
SOETPUS,201112,120.654,11,Electricity Net Generation From Solar, All Sectors,Million Kilowatthours
SOETPUS,201113,1817.696,11,Electricity Net Generation From Solar, All Sectors,Million Kilowatthours
SOETPUS,201201,95.32,11,Electricity Net Generation From Solar, All Sectors,Million Kilowatthours
SOETPUS,201202,135.24,11,Electricity Net Generation From Solar, All Sectors,Million Kilowatthours
SOETPUS,201203,231.228,11,Electricity Net Generation From Solar, All Sectors,Million Kilowatthours
SOETPUS,201204,318.723,11,Electricity Net Generation From Solar, All Sectors,Million Kilowatthours
SOETPUS,201205,462.597,11,Electricity Net Generation From Solar, All Sectors,Million Kilowatthours
SOETPUS,201206,527.068,11,Electricity Net Generation From Solar, All Sectors,Million Kilowatthours
SOETPUS,201207,509.51,11,Electricity Net Generation From Solar, All Sectors,Million Kilowatthours
SOETPUS,201208,461.411,11,Electricity Net Generation From Solar, All Sectors,Million Kilowatthours
SOETPUS,201209,458.103,11,Electricity Net Generation From Solar, All Sectors,Million Kilowatthours
SOETPUS,201210,431.427,11,Electricity Net Generation From Solar, All Sectors,Million Kilowatthours
SOETPUS,201211,347.276,11,Electricity Net Generation From Solar, All Sectors,Million Kilowatthours
SOETPUS,201212,348.772,11,Electricity Net Generation From Solar, All Sectors,Million Kilowatthours
SOETPUS,201213,4326.675,11,Electricity Net Generation From Solar, All Sectors,Million Kilowatthours
SOETPUS,201301,309.824,11,Electricity Net Generation From Solar, All Sectors,Million Kilowatthours
SOETPUS,201302,432.643,11,Electricity Net Generation From Solar, All Sectors,Million Kilowatthours
SOETPUS,201303,619.399,11,Electricity Net Generation From Solar, All Sectors,Million Kilowatthours
SOETPUS,201304,666.739,11,Electricity Net Generation From Solar, All Sectors,Million Kilowatthours
SOETPUS,201305,752.707,11,Electricity Net Generation From Solar, All Sectors,Million Kilowatthours
SOETPUS,201306,870.685,11,Electricity Net Generation From Solar, All Sectors,Million Kilowatthours
SOETPUS,201307,828.847,11,Electricity Net Generation From Solar, All Sectors,Million Kilowatthours
SOETPUS,201308,944.092,11,Electricity Net Generation From Solar, All Sectors,Million Kilowatthours
SOETPUS,201309,948.779,11,Electricity Net Generation From Solar, All Sectors,Million Kilowatthours
SOETPUS,201310,987.533,11,Electricity Net Generation From Solar, All Sectors,Million Kilowatthours
SOETPUS,201311,824.352,11,Electricity Net Generation From Solar, All Sectors,Million Kilowatthours
SOETPUS,201312,850.021,11,Electricity Net Generation From Solar, All Sectors,Million Kilowatthours
SOETPUS,201313,9035.62,11,Electricity Net Generation From Solar, All Sectors,Million Kilowatthours
SOETPUS,201401,751.119,11,Electricity Net Generation From Solar, All Sectors,Million Kilowatthours
SOETPUS,201402,834.992,11,Electricity Net Generation From Solar, All Sectors,Million Kilowatthours
SOETPUS,201403,1317.094,11,Electricity Net Generation From Solar, All Sectors,Million Kilowatthours
SOETPUS,201404,1487.097,11,Electricity Net Generation From Solar, All Sectors,Million Kilowatthours
SOETPUS,201405,1749.655,11,Electricity Net Generation From Solar, All Sectors,Million Kilowatthours
SOETPUS,201406,1923.326,11,Electricity Net Generation From Solar, All Sectors,Million Kilowatthours
SOETPUS,201407,1787.699,11,Electricity Net Generation From Solar, All Sectors,Million Kilowatthours
SOETPUS,201408,1879.482,11,Electricity Net Generation From Solar, All Sectors,Million Kilowatthours
SOETPUS,201409,1832.261,11,Electricity Net Generation From Solar, All Sectors,Million Kilowatthours
SOETPUS,201410,1716.923,11,Electricity Net Generation From Solar, All Sectors,Million Kilowatthours
SOETPUS,201411,1379.64,11,Electricity Net Generation From Solar, All Sectors,Million Kilowatthours
SOETPUS,201412,1031.744,11,Electricity Net Generation From Solar, All Sectors,Million Kilowatthours
SOETPUS,201413,17691.031,11,Electricity Net Generation From Solar, All Sectors,Million Kilowatthours
SOETPUS,201501,1155.351,11,Electricity Net Generation From Solar, All Sectors,Million Kilowatthours
SOETPUS,201502,1483.554,11,Electricity Net Generation From Solar, All Sectors,Million Kilowatthours
SOETPUS,201503,2072.257,11,Electricity Net Generation From Solar, All Sectors,Million Kilowatthours
SOETPUS,201504,2379.118,11,Electricity Net Generation From Solar, All Sectors,Million Kilowatthours
SOETPUS,201505,2504.149,11,Electricity Net Generation From Solar, All Sectors,Million Kilowatthours
SOETPUS,201506,2557.598,11,Electricity Net Generation From Solar, All Sectors,Million Kilowatthours
SOETPUS,201507,2627.064,11,Electricity Net Generation From Solar, All Sectors,Million Kilowatthours
SOETPUS,201508,2687.553,11,Electricity Net Generation From Solar, All Sectors,Million Kilowatthours
SOETPUS,201509,2217.124,11,Electricity Net Generation From Solar, All Sectors,Million Kilowatthours
SOETPUS,201510,1909.58,11,Electricity Net Generation From Solar, All Sectors,Million Kilowatthours
SOETPUS,201511,1729.661,11,Electricity Net Generation From Solar, All Sectors,Million Kilowatthours
SOETPUS,201512,1569.895,11,Electricity Net Generation From Solar, All Sectors,Million Kilowatthours
SOETPUS,201513,24892.904,11,Electricity Net Generation From Solar, All Sectors,Million Kilowatthours
SOETPUS,201601,1485.802,11,Electricity Net Generation From Solar, All Sectors,Million Kilowatthours
SOETPUS,201602,2241.563,11,Electricity Net Generation From Solar, All Sectors,Million Kilowatthours
SOETPUS,201603,2617.452,11,Electricity Net Generation From Solar, All Sectors,Million Kilowatthours
SOETPUS,201604,2879.682,11,Electricity Net Generation From Solar, All Sectors,Million Kilowatthours
SOETPUS,201605,3425.183,11,Electricity Net Generation From Solar, All Sectors,Million Kilowatthours
SOETPUS,201606,3473.498,11,Electricity Net Generation From Solar, All Sectors,Million Kilowatthours
SOETPUS,201607,3944.793,11,Electricity Net Generation From Solar, All Sectors,Million Kilowatthours
SOETPUS,201608,3969.186,11,Electricity Net Generation From Solar, All Sectors,Million Kilowatthours
SOETPUS,201609,3635.069,11,Electricity Net Generation From Solar, All Sectors,Million Kilowatthours
SOETPUS,201610,3191.224,11,Electricity Net Generation From Solar, All Sectors,Million Kilowatthours
SOETPUS,201611,2767.144,11,Electricity Net Generation From Solar, All Sectors,Million Kilowatthours
SOETPUS,201612,2423.523,11,Electricity Net Generation From Solar, All Sectors,Million Kilowatthours
SOETPUS,201613,36054.121,11,Electricity Net Generation From Solar, All Sectors,Million Kilowatthours
SOETPUS,201701,2323.986,11,Electricity Net Generation From Solar, All Sectors,Million Kilowatthours
SOETPUS,201702,2751.199,11,Electricity Net Generation From Solar, All Sectors,Million Kilowatthours
SOETPUS,201703,4514.085,11,Electricity Net Generation From Solar, All Sectors,Million Kilowatthours
SOETPUS,201704,4906.678,11,Electricity Net Generation From Solar, All Sectors,Million Kilowatthours
SOETPUS,201705,5785.027,11,Electricity Net Generation From Solar, All Sectors,Million Kilowatthours
SOETPUS,201706,6115.379,11,Electricity Net Generation From Solar, All Sectors,Million Kilowatthours
SOETPUS,201707,5569.106,11,Electricity Net Generation From Solar, All Sectors,Million Kilowatthours
SOETPUS,201708,5368.537,11,Electricity Net Generation From Solar, All Sectors,Million Kilowatthours
SOETPUS,201709,5059.441,11,Electricity Net Generation From Solar, All Sectors,Million Kilowatthours
SOETPUS,201710,4649.673,11,Electricity Net Generation From Solar, All Sectors,Million Kilowatthours
SOETPUS,201711,3208.749,11,Electricity Net Generation From Solar, All Sectors,Million Kilowatthours
SOETPUS,201712,3035.005,11,Electricity Net Generation From Solar, All Sectors,Million Kilowatthours
SOETPUS,201713,53286.865,11,Electricity Net Generation From Solar, All Sectors,Million Kilowatthours
SOETPUS,201801,3318.975,11,Electricity Net Generation From Solar, All Sectors,Million Kilowatthours
SOETPUS,201802,3896.414,11,Electricity Net Generation From Solar, All Sectors,Million Kilowatthours
SOETPUS,201803,5056.238,11,Electricity Net Generation From Solar, All Sectors,Million Kilowatthours
SOETPUS,201804,6056.727,11,Electricity Net Generation From Solar, All Sectors,Million Kilowatthours
SOETPUS,201805,6849.012,11,Electricity Net Generation From Solar, All Sectors,Million Kilowatthours
SOETPUS,201806,7414.667,11,Electricity Net Generation From Solar, All Sectors,Million Kilowatthours
SOETPUS,201807,6754.876,11,Electricity Net Generation From Solar, All Sectors,Million Kilowatthours
SOETPUS,201808,6695.408,11,Electricity Net Generation From Solar, All Sectors,Million Kilowatthours
SOETPUS,201809,5960.901,11,Electricity Net Generation From Solar, All Sectors,Million Kilowatthours
SOETPUS,201810,4969.691,11,Electricity Net Generation From Solar, All Sectors,Million Kilowatthours
SOETPUS,201811,3742.765,11,Electricity Net Generation From Solar, All Sectors,Million Kilowatthours
SOETPUS,201812,3109.64,11,Electricity Net Generation From Solar, All Sectors,Million Kilowatthours
SOETPUS,201813,63825.315,11,Electricity Net Generation From Solar, All Sectors,Million Kilowatthours
SOETPUS,201901,3580.208,11,Electricity Net Generation From Solar, All Sectors,Million Kilowatthours
SOETPUS,201902,3835.773,11,Electricity Net Generation From Solar, All Sectors,Million Kilowatthours
SOETPUS,201903,5898.626,11,Electricity Net Generation From Solar, All Sectors,Million Kilowatthours
SOETPUS,201904,6752.276,11,Electricity Net Generation From Solar, All Sectors,Million Kilowatthours
SOETPUS,201905,7161.897,11,Electricity Net Generation From Solar, All Sectors,Million Kilowatthours
SOETPUS,201906,7971.093,11,Electricity Net Generation From Solar, All Sectors,Million Kilowatthours
SOETPUS,201907,8132.641,11,Electricity Net Generation From Solar, All Sectors,Million Kilowatthours
SOETPUS,201908,7876.554,11,Electricity Net Generation From Solar, All Sectors,Million Kilowatthours
SOETPUS,201909,6817.22,11,Electricity Net Generation From Solar, All Sectors,Million Kilowatthours
SOETPUS,201910,6093.466,11,Electricity Net Generation From Solar, All Sectors,Million Kilowatthours
SOETPUS,201911,4363.993,11,Electricity Net Generation From Solar, All Sectors,Million Kilowatthours
SOETPUS,201912,3453.075,11,Electricity Net Generation From Solar, All Sectors,Million Kilowatthours
SOETPUS,201913,71936.822,11,Electricity Net Generation From Solar, All Sectors,Million Kilowatthours
SOETPUS,202001,4458.877,11,Electricity Net Generation From Solar, All Sectors,Million Kilowatthours
SOETPUS,202002,5561.409,11,Electricity Net Generation From Solar, All Sectors,Million Kilowatthours
SOETPUS,202003,6349.645,11,Electricity Net Generation From Solar, All Sectors,Million Kilowatthours
SOETPUS,202004,7920.729,11,Electricity Net Generation From Solar, All Sectors,Million Kilowatthours
SOETPUS,202005,9653.406,11,Electricity Net Generation From Solar, All Sectors,Million Kilowatthours
SOETPUS,202006,9654.006,11,Electricity Net Generation From Solar, All Sectors,Million Kilowatthours
SOETPUS,202007,10609.773,11,Electricity Net Generation From Solar, All Sectors,Million Kilowatthours
SOETPUS,202008,9315.422,11,Electricity Net Generation From Solar, All Sectors,Million Kilowatthours
SOETPUS,202009,7732.322,11,Electricity Net Generation From Solar, All Sectors,Million Kilowatthours
SOETPUS,202010,7085.185,11,Electricity Net Generation From Solar, All Sectors,Million Kilowatthours
SOETPUS,202011,5766.519,11,Electricity Net Generation From Solar, All Sectors,Million Kilowatthours
SOETPUS,202012,5091.423,11,Electricity Net Generation From Solar, All Sectors,Million Kilowatthours
SOETPUS,202013,89198.715,11,Electricity Net Generation From Solar, All Sectors,Million Kilowatthours
SOETPUS,202101,5559.245,11,Electricity Net Generation From Solar, All Sectors,Million Kilowatthours
SOETPUS,202102,6330.407,11,Electricity Net Generation From Solar, All Sectors,Million Kilowatthours
SOETPUS,202103,9296.182,11,Electricity Net Generation From Solar, All Sectors,Million Kilowatthours
SOETPUS,202104,10891.714,11,Electricity Net Generation From Solar, All Sectors,Million Kilowatthours
SOETPUS,202105,12457.16,11,Electricity Net Generation From Solar, All Sectors,Million Kilowatthours
SOETPUS,202106,12196.777,11,Electricity Net Generation From Solar, All Sectors,Million Kilowatthours
SOETPUS,202107,12191.681,11,Electricity Net Generation From Solar, All Sectors,Million Kilowatthours
SOETPUS,202108,11966.828,11,Electricity Net Generation From Solar, All Sectors,Million Kilowatthours
SOETPUS,202109,11214.25,11,Electricity Net Generation From Solar, All Sectors,Million Kilowatthours
SOETPUS,202110,9268.039,11,Electricity Net Generation From Solar, All Sectors,Million Kilowatthours
SOETPUS,202111,7795.101,11,Electricity Net Generation From Solar, All Sectors,Million Kilowatthours
SOETPUS,202112,6090.865,11,Electricity Net Generation From Solar, All Sectors,Million Kilowatthours
SOETPUS,202113,115258.248,11,Electricity Net Generation From Solar, All Sectors,Million Kilowatthours
SOETPUS,202201,8158.237,11,Electricity Net Generation From Solar, All Sectors,Million Kilowatthours
SOETPUS,202202,9311.761,11,Electricity Net Generation From Solar, All Sectors,Million Kilowatthours
SOETPUS,202203,11867.963,11,Electricity Net Generation From Solar, All Sectors,Million Kilowatthours
SOETPUS,202204,13438.287,11,Electricity Net Generation From Solar, All Sectors,Million Kilowatthours
SOETPUS,202205,15160.721,11,Electricity Net Generation From Solar, All Sectors,Million Kilowatthours
SOETPUS,202206,15952.774,11,Electricity Net Generation From Solar, All Sectors,Million Kilowatthours
SOETPUS,202207,15685.902,11,Electricity Net Generation From Solar, All Sectors,Million Kilowatthours
SOETPUS,202208,14375.116,11,Electricity Net Generation From Solar, All Sectors,Million Kilowatthours
SOETPUS,202209,13404.895,11,Electricity Net Generation From Solar, All Sectors,Million Kilowatthours
SOETPUS,202210,12186.593,11,Electricity Net Generation From Solar, All Sectors,Million Kilowatthours
SOETPUS,202211,8460.223,11,Electricity Net Generation From Solar, All Sectors,Million Kilowatthours
