WSETPUS,194913,Not Available,9,Electricity Net Generation From Waste, All Sectors,Million Kilowatthours
WSETPUS,195013,Not Available,9,Electricity Net Generation From Waste, All Sectors,Million Kilowatthours
WSETPUS,195113,Not Available,9,Electricity Net Generation From Waste, All Sectors,Million Kilowatthours
WSETPUS,195213,Not Available,9,Electricity Net Generation From Waste, All Sectors,Million Kilowatthours
WSETPUS,195313,Not Available,9,Electricity Net Generation From Waste, All Sectors,Million Kilowatthours
WSETPUS,195413,Not Available,9,Electricity Net Generation From Waste, All Sectors,Million Kilowatthours
WSETPUS,195513,Not Available,9,Electricity Net Generation From Waste, All Sectors,Million Kilowatthours
WSETPUS,195613,Not Available,9,Electricity Net Generation From Waste, All Sectors,Million Kilowatthours
WSETPUS,195713,Not Available,9,Electricity Net Generation From Waste, All Sectors,Million Kilowatthours
WSETPUS,195813,Not Available,9,Electricity Net Generation From Waste, All Sectors,Million Kilowatthours
WSETPUS,195913,Not Available,9,Electricity Net Generation From Waste, All Sectors,Million Kilowatthours
WSETPUS,196013,Not Available,9,Electricity Net Generation From Waste, All Sectors,Million Kilowatthours
WSETPUS,196113,Not Available,9,Electricity Net Generation From Waste, All Sectors,Million Kilowatthours
WSETPUS,196213,Not Available,9,Electricity Net Generation From Waste, All Sectors,Million Kilowatthours
WSETPUS,196313,Not Available,9,Electricity Net Generation From Waste, All Sectors,Million Kilowatthours
WSETPUS,196413,Not Available,9,Electricity Net Generation From Waste, All Sectors,Million Kilowatthours
WSETPUS,196513,Not Available,9,Electricity Net Generation From Waste, All Sectors,Million Kilowatthours
WSETPUS,196613,Not Available,9,Electricity Net Generation From Waste, All Sectors,Million Kilowatthours
WSETPUS,196713,Not Available,9,Electricity Net Generation From Waste, All Sectors,Million Kilowatthours
WSETPUS,196813,Not Available,9,Electricity Net Generation From Waste, All Sectors,Million Kilowatthours
WSETPUS,196913,Not Available,9,Electricity Net Generation From Waste, All Sectors,Million Kilowatthours
WSETPUS,197013,220.45,9,Electricity Net Generation From Waste, All Sectors,Million Kilowatthours
WSETPUS,197113,199.869,9,Electricity Net Generation From Waste, All Sectors,Million Kilowatthours
WSETPUS,197213,199.774,9,Electricity Net Generation From Waste, All Sectors,Million Kilowatthours
WSETPUS,197301,15.152,9,Electricity Net Generation From Waste, All Sectors,Million Kilowatthours
WSETPUS,197302,13.874,9,Electricity Net Generation From Waste, All Sectors,Million Kilowatthours
WSETPUS,197303,16.913,9,Electricity Net Generation From Waste, All Sectors,Million Kilowatthours
WSETPUS,197304,16.771,9,Electricity Net Generation From Waste, All Sectors,Million Kilowatthours
WSETPUS,197305,20.209,9,Electricity Net Generation From Waste, All Sectors,Million Kilowatthours
WSETPUS,197306,16.938,9,Electricity Net Generation From Waste, All Sectors,Million Kilowatthours
WSETPUS,197307,16.409,9,Electricity Net Generation From Waste, All Sectors,Million Kilowatthours
WSETPUS,197308,17.704,9,Electricity Net Generation From Waste, All Sectors,Million Kilowatthours
WSETPUS,197309,17.158,9,Electricity Net Generation From Waste, All Sectors,Million Kilowatthours
WSETPUS,197310,19.288,9,Electricity Net Generation From Waste, All Sectors,Million Kilowatthours
WSETPUS,197311,14.526,9,Electricity Net Generation From Waste, All Sectors,Million Kilowatthours
WSETPUS,197312,12.949,9,Electricity Net Generation From Waste, All Sectors,Million Kilowatthours
WSETPUS,197313,197.89,9,Electricity Net Generation From Waste, All Sectors,Million Kilowatthours
WSETPUS,197401,14.536,9,Electricity Net Generation From Waste, All Sectors,Million Kilowatthours
WSETPUS,197402,13.603,9,Electricity Net Generation From Waste, All Sectors,Million Kilowatthours
WSETPUS,197403,14.17,9,Electricity Net Generation From Waste, All Sectors,Million Kilowatthours
WSETPUS,197404,13.612,9,Electricity Net Generation From Waste, All Sectors,Million Kilowatthours
WSETPUS,197405,12.366,9,Electricity Net Generation From Waste, All Sectors,Million Kilowatthours
WSETPUS,197406,17.154,9,Electricity Net Generation From Waste, All Sectors,Million Kilowatthours
WSETPUS,197407,19.907,9,Electricity Net Generation From Waste, All Sectors,Million Kilowatthours
WSETPUS,197408,18.074,9,Electricity Net Generation From Waste, All Sectors,Million Kilowatthours
WSETPUS,197409,17.539,9,Electricity Net Generation From Waste, All Sectors,Million Kilowatthours
WSETPUS,197410,14.972,9,Electricity Net Generation From Waste, All Sectors,Million Kilowatthours
WSETPUS,197411,14.81,9,Electricity Net Generation From Waste, All Sectors,Million Kilowatthours
WSETPUS,197412,11.411,9,Electricity Net Generation From Waste, All Sectors,Million Kilowatthours
WSETPUS,197413,182.154,9,Electricity Net Generation From Waste, All Sectors,Million Kilowatthours
WSETPUS,197501,13.481,9,Electricity Net Generation From Waste, All Sectors,Million Kilowatthours
WSETPUS,197502,10.864,9,Electricity Net Generation From Waste, All Sectors,Million Kilowatthours
WSETPUS,197503,11.925,9,Electricity Net Generation From Waste, All Sectors,Million Kilowatthours
WSETPUS,197504,11.265,9,Electricity Net Generation From Waste, All Sectors,Million Kilowatthours
WSETPUS,197505,16.63,9,Electricity Net Generation From Waste, All Sectors,Million Kilowatthours
WSETPUS,197506,18.527,9,Electricity Net Generation From Waste, All Sectors,Million Kilowatthours
WSETPUS,197507,15.674,9,Electricity Net Generation From Waste, All Sectors,Million Kilowatthours
WSETPUS,197508,17.748,9,Electricity Net Generation From Waste, All Sectors,Million Kilowatthours
WSETPUS,197509,15.14,9,Electricity Net Generation From Waste, All Sectors,Million Kilowatthours
WSETPUS,197510,15.509,9,Electricity Net Generation From Waste, All Sectors,Million Kilowatthours
WSETPUS,197511,13.517,9,Electricity Net Generation From Waste, All Sectors,Million Kilowatthours
WSETPUS,197512,13.289,9,Electricity Net Generation From Waste, All Sectors,Million Kilowatthours
WSETPUS,197513,173.568,9,Electricity Net Generation From Waste, All Sectors,Million Kilowatthours
WSETPUS,197601,13.472,9,Electricity Net Generation From Waste, All Sectors,Million Kilowatthours
WSETPUS,197602,13.099,9,Electricity Net Generation From Waste, All Sectors,Million Kilowatthours
WSETPUS,197603,13.176,9,Electricity Net Generation From Waste, All Sectors,Million Kilowatthours
WSETPUS,197604,12.176,9,Electricity Net Generation From Waste, All Sectors,Million Kilowatthours
WSETPUS,197605,12.95,9,Electricity Net Generation From Waste, All Sectors,Million Kilowatthours
WSETPUS,197606,15.519,9,Electricity Net Generation From Waste, All Sectors,Million Kilowatthours
WSETPUS,197607,18.353,9,Electricity Net Generation From Waste, All Sectors,Million Kilowatthours
WSETPUS,197608,18.515,9,Electricity Net Generation From Waste, All Sectors,Million Kilowatthours
WSETPUS,197609,15.879,9,Electricity Net Generation From Waste, All Sectors,Million Kilowatthours
WSETPUS,197610,16.784,9,Electricity Net Generation From Waste, All Sectors,Million Kilowatthours
WSETPUS,197611,16.437,9,Electricity Net Generation From Waste, All Sectors,Million Kilowatthours
WSETPUS,197612,15.717,9,Electricity Net Generation From Waste, All Sectors,Million Kilowatthours
WSETPUS,197613,182.078,9,Electricity Net Generation From Waste, All Sectors,Million Kilowatthours
WSETPUS,197701,14.005,9,Electricity Net Generation From Waste, All Sectors,Million Kilowatthours
WSETPUS,197702,12.481,9,Electricity Net Generation From Waste, All Sectors,Million Kilowatthours
WSETPUS,197703,13.95,9,Electricity Net Generation From Waste, All Sectors,Million Kilowatthours
WSETPUS,197704,14.222,9,Electricity Net Generation From Waste, All Sectors,Million Kilowatthours
WSETPUS,197705,14.84,9,Electricity Net Generation From Waste, All Sectors,Million Kilowatthours
WSETPUS,197706,14.904,9,Electricity Net Generation From Waste, All Sectors,Million Kilowatthours
WSETPUS,197707,17.073,9,Electricity Net Generation From Waste, All Sectors,Million Kilowatthours
WSETPUS,197708,16.463,9,Electricity Net Generation From Waste, All Sectors,Million Kilowatthours
WSETPUS,197709,16.492,9,Electricity Net Generation From Waste, All Sectors,Million Kilowatthours
WSETPUS,197710,16.679,9,Electricity Net Generation From Waste, All Sectors,Million Kilowatthours
WSETPUS,197711,10.76,9,Electricity Net Generation From Waste, All Sectors,Million Kilowatthours
WSETPUS,197712,11.401,9,Electricity Net Generation From Waste, All Sectors,Million Kilowatthours
WSETPUS,197713,173.271,9,Electricity Net Generation From Waste, All Sectors,Million Kilowatthours
WSETPUS,197801,11.907,9,Electricity Net Generation From Waste, All Sectors,Million Kilowatthours
WSETPUS,197802,10.607,9,Electricity Net Generation From Waste, All Sectors,Million Kilowatthours
WSETPUS,197803,10.618,9,Electricity Net Generation From Waste, All Sectors,Million Kilowatthours
WSETPUS,197804,10.156,9,Electricity Net Generation From Waste, All Sectors,Million Kilowatthours
WSETPUS,197805,11.268,9,Electricity Net Generation From Waste, All Sectors,Million Kilowatthours
WSETPUS,197806,9.748,9,Electricity Net Generation From Waste, All Sectors,Million Kilowatthours
WSETPUS,197807,8.43,9,Electricity Net Generation From Waste, All Sectors,Million Kilowatthours
WSETPUS,197808,17.365,9,Electricity Net Generation From Waste, All Sectors,Million Kilowatthours
WSETPUS,197809,12.938,9,Electricity Net Generation From Waste, All Sectors,Million Kilowatthours
WSETPUS,197810,13.709,9,Electricity Net Generation From Waste, All Sectors,Million Kilowatthours
WSETPUS,197811,11.542,9,Electricity Net Generation From Waste, All Sectors,Million Kilowatthours
WSETPUS,197812,12.145,9,Electricity Net Generation From Waste, All Sectors,Million Kilowatthours
WSETPUS,197813,140.434,9,Electricity Net Generation From Waste, All Sectors,Million Kilowatthours
WSETPUS,197901,14.205,9,Electricity Net Generation From Waste, All Sectors,Million Kilowatthours
WSETPUS,197902,16.35,9,Electricity Net Generation From Waste, All Sectors,Million Kilowatthours
WSETPUS,197903,23.239,9,Electricity Net Generation From Waste, All Sectors,Million Kilowatthours
WSETPUS,197904,13.283,9,Electricity Net Generation From Waste, All Sectors,Million Kilowatthours
WSETPUS,197905,21.34,9,Electricity Net Generation From Waste, All Sectors,Million Kilowatthours
WSETPUS,197906,16.46,9,Electricity Net Generation From Waste, All Sectors,Million Kilowatthours
WSETPUS,197907,15.9,9,Electricity Net Generation From Waste, All Sectors,Million Kilowatthours
WSETPUS,197908,16.457,9,Electricity Net Generation From Waste, All Sectors,Million Kilowatthours
WSETPUS,197909,12.094,9,Electricity Net Generation From Waste, All Sectors,Million Kilowatthours
WSETPUS,197910,11.732,9,Electricity Net Generation From Waste, All Sectors,Million Kilowatthours
WSETPUS,197911,17.576,9,Electricity Net Generation From Waste, All Sectors,Million Kilowatthours
WSETPUS,197912,19.556,9,Electricity Net Generation From Waste, All Sectors,Million Kilowatthours
WSETPUS,197913,198.192,9,Electricity Net Generation From Waste, All Sectors,Million Kilowatthours
WSETPUS,198001,20.829,9,Electricity Net Generation From Waste, All Sectors,Million Kilowatthours
WSETPUS,198002,18.624,9,Electricity Net Generation From Waste, All Sectors,Million Kilowatthours
WSETPUS,198003,12.461,9,Electricity Net Generation From Waste, All Sectors,Million Kilowatthours
WSETPUS,198004,12.188,9,Electricity Net Generation From Waste, All Sectors,Million Kilowatthours
WSETPUS,198005,14.817,9,Electricity Net Generation From Waste, All Sectors,Million Kilowatthours
WSETPUS,198006,10.997,9,Electricity Net Generation From Waste, All Sectors,Million Kilowatthours
WSETPUS,198007,10.197,9,Electricity Net Generation From Waste, All Sectors,Million Kilowatthours
WSETPUS,198008,12.567,9,Electricity Net Generation From Waste, All Sectors,Million Kilowatthours
WSETPUS,198009,11.046,9,Electricity Net Generation From Waste, All Sectors,Million Kilowatthours
WSETPUS,198010,11.031,9,Electricity Net Generation From Waste, All Sectors,Million Kilowatthours
WSETPUS,198011,11.012,9,Electricity Net Generation From Waste, All Sectors,Million Kilowatthours
WSETPUS,198012,12.026,9,Electricity Net Generation From Waste, All Sectors,Million Kilowatthours
WSETPUS,198013,157.797,9,Electricity Net Generation From Waste, All Sectors,Million Kilowatthours
WSETPUS,198101,10.563,9,Electricity Net Generation From Waste, All Sectors,Million Kilowatthours
WSETPUS,198102,8.81,9,Electricity Net Generation From Waste, All Sectors,Million Kilowatthours
WSETPUS,198103,10.261,9,Electricity Net Generation From Waste, All Sectors,Million Kilowatthours
WSETPUS,198104,9.454,9,Electricity Net Generation From Waste, All Sectors,Million Kilowatthours
WSETPUS,198105,9.978,9,Electricity Net Generation From Waste, All Sectors,Million Kilowatthours
WSETPUS,198106,8.486,9,Electricity Net Generation From Waste, All Sectors,Million Kilowatthours
WSETPUS,198107,10.344,9,Electricity Net Generation From Waste, All Sectors,Million Kilowatthours
WSETPUS,198108,13.02,9,Electricity Net Generation From Waste, All Sectors,Million Kilowatthours
WSETPUS,198109,15.24,9,Electricity Net Generation From Waste, All Sectors,Million Kilowatthours
WSETPUS,198110,12.621,9,Electricity Net Generation From Waste, All Sectors,Million Kilowatthours
WSETPUS,198111,9.378,9,Electricity Net Generation From Waste, All Sectors,Million Kilowatthours
WSETPUS,198112,4.474,9,Electricity Net Generation From Waste, All Sectors,Million Kilowatthours
WSETPUS,198113,122.628,9,Electricity Net Generation From Waste, All Sectors,Million Kilowatthours
WSETPUS,198201,12.217,9,Electricity Net Generation From Waste, All Sectors,Million Kilowatthours
WSETPUS,198202,10.388,9,Electricity Net Generation From Waste, All Sectors,Million Kilowatthours
WSETPUS,198203,10.215,9,Electricity Net Generation From Waste, All Sectors,Million Kilowatthours
WSETPUS,198204,7.661,9,Electricity Net Generation From Waste, All Sectors,Million Kilowatthours
WSETPUS,198205,11.157,9,Electricity Net Generation From Waste, All Sectors,Million Kilowatthours
WSETPUS,198206,10.598,9,Electricity Net Generation From Waste, All Sectors,Million Kilowatthours
WSETPUS,198207,13.278,9,Electricity Net Generation From Waste, All Sectors,Million Kilowatthours
WSETPUS,198208,8.747,9,Electricity Net Generation From Waste, All Sectors,Million Kilowatthours
WSETPUS,198209,7.799,9,Electricity Net Generation From Waste, All Sectors,Million Kilowatthours
WSETPUS,198210,11.775,9,Electricity Net Generation From Waste, All Sectors,Million Kilowatthours
WSETPUS,198211,9.463,9,Electricity Net Generation From Waste, All Sectors,Million Kilowatthours
WSETPUS,198212,11.681,9,Electricity Net Generation From Waste, All Sectors,Million Kilowatthours
WSETPUS,198213,124.979,9,Electricity Net Generation From Waste, All Sectors,Million Kilowatthours
WSETPUS,198301,9.254,9,Electricity Net Generation From Waste, All Sectors,Million Kilowatthours
WSETPUS,198302,10.536,9,Electricity Net Generation From Waste, All Sectors,Million Kilowatthours
WSETPUS,198303,11.446,9,Electricity Net Generation From Waste, All Sectors,Million Kilowatthours
WSETPUS,198304,10.612,9,Electricity Net Generation From Waste, All Sectors,Million Kilowatthours
WSETPUS,198305,18.831,9,Electricity Net Generation From Waste, All Sectors,Million Kilowatthours
WSETPUS,198306,19.028,9,Electricity Net Generation From Waste, All Sectors,Million Kilowatthours
WSETPUS,198307,15.732,9,Electricity Net Generation From Waste, All Sectors,Million Kilowatthours
WSETPUS,198308,15.72,9,Electricity Net Generation From Waste, All Sectors,Million Kilowatthours
WSETPUS,198309,15.275,9,Electricity Net Generation From Waste, All Sectors,Million Kilowatthours
WSETPUS,198310,14.16,9,Electricity Net Generation From Waste, All Sectors,Million Kilowatthours
WSETPUS,198311,10.282,9,Electricity Net Generation From Waste, All Sectors,Million Kilowatthours
WSETPUS,198312,11.87,9,Electricity Net Generation From Waste, All Sectors,Million Kilowatthours
WSETPUS,198313,162.745,9,Electricity Net Generation From Waste, All Sectors,Million Kilowatthours
WSETPUS,198401,13.697,9,Electricity Net Generation From Waste, All Sectors,Million Kilowatthours
WSETPUS,198402,23.078,9,Electricity Net Generation From Waste, All Sectors,Million Kilowatthours
WSETPUS,198403,34.591,9,Electricity Net Generation From Waste, All Sectors,Million Kilowatthours
WSETPUS,198404,33.607,9,Electricity Net Generation From Waste, All Sectors,Million Kilowatthours
WSETPUS,198405,36.125,9,Electricity Net Generation From Waste, All Sectors,Million Kilowatthours
WSETPUS,198406,35.155,9,Electricity Net Generation From Waste, All Sectors,Million Kilowatthours
WSETPUS,198407,36.829,9,Electricity Net Generation From Waste, All Sectors,Million Kilowatthours
WSETPUS,198408,35.205,9,Electricity Net Generation From Waste, All Sectors,Million Kilowatthours
WSETPUS,198409,34.823,9,Electricity Net Generation From Waste, All Sectors,Million Kilowatthours
WSETPUS,198410,52.117,9,Electricity Net Generation From Waste, All Sectors,Million Kilowatthours
WSETPUS,198411,47.012,9,Electricity Net Generation From Waste, All Sectors,Million Kilowatthours
WSETPUS,198412,42.301,9,Electricity Net Generation From Waste, All Sectors,Million Kilowatthours
WSETPUS,198413,424.54,9,Electricity Net Generation From Waste, All Sectors,Million Kilowatthours
WSETPUS,198501,48.412,9,Electricity Net Generation From Waste, All Sectors,Million Kilowatthours
WSETPUS,198502,43.696,9,Electricity Net Generation From Waste, All Sectors,Million Kilowatthours
WSETPUS,198503,52.38,9,Electricity Net Generation From Waste, All Sectors,Million Kilowatthours
WSETPUS,198504,57.977,9,Electricity Net Generation From Waste, All Sectors,Million Kilowatthours
WSETPUS,198505,58.191,9,Electricity Net Generation From Waste, All Sectors,Million Kilowatthours
WSETPUS,198506,61.497,9,Electricity Net Generation From Waste, All Sectors,Million Kilowatthours
WSETPUS,198507,62.516,9,Electricity Net Generation From Waste, All Sectors,Million Kilowatthours
WSETPUS,198508,58.384,9,Electricity Net Generation From Waste, All Sectors,Million Kilowatthours
WSETPUS,198509,44.056,9,Electricity Net Generation From Waste, All Sectors,Million Kilowatthours
WSETPUS,198510,45.375,9,Electricity Net Generation From Waste, All Sectors,Million Kilowatthours
WSETPUS,198511,55.303,9,Electricity Net Generation From Waste, All Sectors,Million Kilowatthours
WSETPUS,198512,51.791,9,Electricity Net Generation From Waste, All Sectors,Million Kilowatthours
WSETPUS,198513,639.578,9,Electricity Net Generation From Waste, All Sectors,Million Kilowatthours
WSETPUS,198601,50.205,9,Electricity Net Generation From Waste, All Sectors,Million Kilowatthours
WSETPUS,198602,53.139,9,Electricity Net Generation From Waste, All Sectors,Million Kilowatthours
WSETPUS,198603,61.743,9,Electricity Net Generation From Waste, All Sectors,Million Kilowatthours
WSETPUS,198604,57.126,9,Electricity Net Generation From Waste, All Sectors,Million Kilowatthours
WSETPUS,198605,56.019,9,Electricity Net Generation From Waste, All Sectors,Million Kilowatthours
WSETPUS,198606,54.981,9,Electricity Net Generation From Waste, All Sectors,Million Kilowatthours
WSETPUS,198607,57.454,9,Electricity Net Generation From Waste, All Sectors,Million Kilowatthours
WSETPUS,198608,57.707,9,Electricity Net Generation From Waste, All Sectors,Million Kilowatthours
WSETPUS,198609,53.156,9,Electricity Net Generation From Waste, All Sectors,Million Kilowatthours
WSETPUS,198610,56.205,9,Electricity Net Generation From Waste, All Sectors,Million Kilowatthours
WSETPUS,198611,62.783,9,Electricity Net Generation From Waste, All Sectors,Million Kilowatthours
WSETPUS,198612,64.715,9,Electricity Net Generation From Waste, All Sectors,Million Kilowatthours
WSETPUS,198613,685.234,9,Electricity Net Generation From Waste, All Sectors,Million Kilowatthours
WSETPUS,198701,58.189,9,Electricity Net Generation From Waste, All Sectors,Million Kilowatthours
WSETPUS,198702,53.476,9,Electricity Net Generation From Waste, All Sectors,Million Kilowatthours
WSETPUS,198703,65.749,9,Electricity Net Generation From Waste, All Sectors,Million Kilowatthours
WSETPUS,198704,61.34,9,Electricity Net Generation From Waste, All Sectors,Million Kilowatthours
WSETPUS,198705,63.545,9,Electricity Net Generation From Waste, All Sectors,Million Kilowatthours
WSETPUS,198706,65.213,9,Electricity Net Generation From Waste, All Sectors,Million Kilowatthours
WSETPUS,198707,64.291,9,Electricity Net Generation From Waste, All Sectors,Million Kilowatthours
WSETPUS,198708,64.953,9,Electricity Net Generation From Waste, All Sectors,Million Kilowatthours
WSETPUS,198709,51.074,9,Electricity Net Generation From Waste, All Sectors,Million Kilowatthours
WSETPUS,198710,56.823,9,Electricity Net Generation From Waste, All Sectors,Million Kilowatthours
WSETPUS,198711,46.893,9,Electricity Net Generation From Waste, All Sectors,Million Kilowatthours
WSETPUS,198712,42.394,9,Electricity Net Generation From Waste, All Sectors,Million Kilowatthours
WSETPUS,198713,693.941,9,Electricity Net Generation From Waste, All Sectors,Million Kilowatthours
WSETPUS,198801,38.041,9,Electricity Net Generation From Waste, All Sectors,Million Kilowatthours
WSETPUS,198802,38.403,9,Electricity Net Generation From Waste, All Sectors,Million Kilowatthours
WSETPUS,198803,44.923,9,Electricity Net Generation From Waste, All Sectors,Million Kilowatthours
WSETPUS,198804,70.548,9,Electricity Net Generation From Waste, All Sectors,Million Kilowatthours
WSETPUS,198805,76.751,9,Electricity Net Generation From Waste, All Sectors,Million Kilowatthours
WSETPUS,198806,68.454,9,Electricity Net Generation From Waste, All Sectors,Million Kilowatthours
WSETPUS,198807,71.663,9,Electricity Net Generation From Waste, All Sectors,Million Kilowatthours
WSETPUS,198808,80.401,9,Electricity Net Generation From Waste, All Sectors,Million Kilowatthours
WSETPUS,198809,72.431,9,Electricity Net Generation From Waste, All Sectors,Million Kilowatthours
WSETPUS,198810,72.517,9,Electricity Net Generation From Waste, All Sectors,Million Kilowatthours
WSETPUS,198811,49.857,9,Electricity Net Generation From Waste, All Sectors,Million Kilowatthours
WSETPUS,198812,54.267,9,Electricity Net Generation From Waste, All Sectors,Million Kilowatthours
WSETPUS,198813,738.258,9,Electricity Net Generation From Waste, All Sectors,Million Kilowatthours
WSETPUS,198901,518.574,9,Electricity Net Generation From Waste, All Sectors,Million Kilowatthours
WSETPUS,198902,501.402,9,Electricity Net Generation From Waste, All Sectors,Million Kilowatthours
WSETPUS,198903,339.446,9,Electricity Net Generation From Waste, All Sectors,Million Kilowatthours
WSETPUS,198904,472.531,9,Electricity Net Generation From Waste, All Sectors,Million Kilowatthours
WSETPUS,198905,767.508,9,Electricity Net Generation From Waste, All Sectors,Million Kilowatthours
WSETPUS,198906,781.221,9,Electricity Net Generation From Waste, All Sectors,Million Kilowatthours
WSETPUS,198907,932.217,9,Electricity Net Generation From Waste, All Sectors,Million Kilowatthours
WSETPUS,198908,882.827,9,Electricity Net Generation From Waste, All Sectors,Million Kilowatthours
WSETPUS,198909,991.302,9,Electricity Net Generation From Waste, All Sectors,Million Kilowatthours
WSETPUS,198910,1032.148,9,Electricity Net Generation From Waste, All Sectors,Million Kilowatthours
WSETPUS,198911,1033.804,9,Electricity Net Generation From Waste, All Sectors,Million Kilowatthours
WSETPUS,198912,909.905,9,Electricity Net Generation From Waste, All Sectors,Million Kilowatthours
WSETPUS,198913,9162.887,9,Electricity Net Generation From Waste, All Sectors,Million Kilowatthours
WSETPUS,199001,1085.22,9,Electricity Net Generation From Waste, All Sectors,Million Kilowatthours
WSETPUS,199002,1003.494,9,Electricity Net Generation From Waste, All Sectors,Million Kilowatthours
WSETPUS,199003,1157.644,9,Electricity Net Generation From Waste, All Sectors,Million Kilowatthours
WSETPUS,199004,1081.022,9,Electricity Net Generation From Waste, All Sectors,Million Kilowatthours
WSETPUS,199005,1086.444,9,Electricity Net Generation From Waste, All Sectors,Million Kilowatthours
WSETPUS,199006,1139.058,9,Electricity Net Generation From Waste, All Sectors,Million Kilowatthours
WSETPUS,199007,1075.643,9,Electricity Net Generation From Waste, All Sectors,Million Kilowatthours
WSETPUS,199008,1132.033,9,Electricity Net Generation From Waste, All Sectors,Million Kilowatthours
WSETPUS,199009,1150.809,9,Electricity Net Generation From Waste, All Sectors,Million Kilowatthours
WSETPUS,199010,1175.196,9,Electricity Net Generation From Waste, All Sectors,Million Kilowatthours
WSETPUS,199011,1088.543,9,Electricity Net Generation From Waste, All Sectors,Million Kilowatthours
WSETPUS,199012,1085.273,9,Electricity Net Generation From Waste, All Sectors,Million Kilowatthours
WSETPUS,199013,13260.379,9,Electricity Net Generation From Waste, All Sectors,Million Kilowatthours
WSETPUS,199101,1305.835,9,Electricity Net Generation From Waste, All Sectors,Million Kilowatthours
WSETPUS,199102,1169.395,9,Electricity Net Generation From Waste, All Sectors,Million Kilowatthours
WSETPUS,199103,1348.748,9,Electricity Net Generation From Waste, All Sectors,Million Kilowatthours
WSETPUS,199104,1364.804,9,Electricity Net Generation From Waste, All Sectors,Million Kilowatthours
WSETPUS,199105,1440.975,9,Electricity Net Generation From Waste, All Sectors,Million Kilowatthours
WSETPUS,199106,1353.134,9,Electricity Net Generation From Waste, All Sectors,Million Kilowatthours
WSETPUS,199107,1256.914,9,Electricity Net Generation From Waste, All Sectors,Million Kilowatthours
WSETPUS,199108,1369.549,9,Electricity Net Generation From Waste, All Sectors,Million Kilowatthours
WSETPUS,199109,1299.862,9,Electricity Net Generation From Waste, All Sectors,Million Kilowatthours
WSETPUS,199110,1170.789,9,Electricity Net Generation From Waste, All Sectors,Million Kilowatthours
WSETPUS,199111,1329.616,9,Electricity Net Generation From Waste, All Sectors,Million Kilowatthours
WSETPUS,199112,1255.126,9,Electricity Net Generation From Waste, All Sectors,Million Kilowatthours
WSETPUS,199113,15664.746,9,Electricity Net Generation From Waste, All Sectors,Million Kilowatthours
WSETPUS,199201,1595.177,9,Electricity Net Generation From Waste, All Sectors,Million Kilowatthours
WSETPUS,199202,1538.734,9,Electricity Net Generation From Waste, All Sectors,Million Kilowatthours
WSETPUS,199203,1467.942,9,Electricity Net Generation From Waste, All Sectors,Million Kilowatthours
WSETPUS,199204,1299.825,9,Electricity Net Generation From Waste, All Sectors,Million Kilowatthours
WSETPUS,199205,1597.927,9,Electricity Net Generation From Waste, All Sectors,Million Kilowatthours
WSETPUS,199206,1533.779,9,Electricity Net Generation From Waste, All Sectors,Million Kilowatthours
WSETPUS,199207,1592.972,9,Electricity Net Generation From Waste, All Sectors,Million Kilowatthours
WSETPUS,199208,1565.239,9,Electricity Net Generation From Waste, All Sectors,Million Kilowatthours
WSETPUS,199209,1531.867,9,Electricity Net Generation From Waste, All Sectors,Million Kilowatthours
WSETPUS,199210,1409,9,Electricity Net Generation From Waste, All Sectors,Million Kilowatthours
WSETPUS,199211,1092.432,9,Electricity Net Generation From Waste, All Sectors,Million Kilowatthours
WSETPUS,199212,1591.144,9,Electricity Net Generation From Waste, All Sectors,Million Kilowatthours
WSETPUS,199213,17816.035,9,Electricity Net Generation From Waste, All Sectors,Million Kilowatthours
WSETPUS,199301,1873.13,9,Electricity Net Generation From Waste, All Sectors,Million Kilowatthours
WSETPUS,199302,1449.388,9,Electricity Net Generation From Waste, All Sectors,Million Kilowatthours
WSETPUS,199303,1834.155,9,Electricity Net Generation From Waste, All Sectors,Million Kilowatthours
WSETPUS,199304,1336.579,9,Electricity Net Generation From Waste, All Sectors,Million Kilowatthours
WSETPUS,199305,1545.9,9,Electricity Net Generation From Waste, All Sectors,Million Kilowatthours
WSETPUS,199306,1569.395,9,Electricity Net Generation From Waste, All Sectors,Million Kilowatthours
WSETPUS,199307,1506.075,9,Electricity Net Generation From Waste, All Sectors,Million Kilowatthours
WSETPUS,199308,1251.73,9,Electricity Net Generation From Waste, All Sectors,Million Kilowatthours
WSETPUS,199309,1531.037,9,Electricity Net Generation From Waste, All Sectors,Million Kilowatthours
WSETPUS,199310,1513.457,9,Electricity Net Generation From Waste, All Sectors,Million Kilowatthours
WSETPUS,199311,1412.545,9,Electricity Net Generation From Waste, All Sectors,Million Kilowatthours
WSETPUS,199312,1509.641,9,Electricity Net Generation From Waste, All Sectors,Million Kilowatthours
WSETPUS,199313,18333.031,9,Electricity Net Generation From Waste, All Sectors,Million Kilowatthours
WSETPUS,199401,1273.323,9,Electricity Net Generation From Waste, All Sectors,Million Kilowatthours
WSETPUS,199402,1345.642,9,Electricity Net Generation From Waste, All Sectors,Million Kilowatthours
WSETPUS,199403,1587.222,9,Electricity Net Generation From Waste, All Sectors,Million Kilowatthours
WSETPUS,199404,1422.12,9,Electricity Net Generation From Waste, All Sectors,Million Kilowatthours
WSETPUS,199405,1750.198,9,Electricity Net Generation From Waste, All Sectors,Million Kilowatthours
WSETPUS,199406,1711.115,9,Electricity Net Generation From Waste, All Sectors,Million Kilowatthours
WSETPUS,199407,1609.624,9,Electricity Net Generation From Waste, All Sectors,Million Kilowatthours
WSETPUS,199408,1584.392,9,Electricity Net Generation From Waste, All Sectors,Million Kilowatthours
WSETPUS,199409,1460.812,9,Electricity Net Generation From Waste, All Sectors,Million Kilowatthours
WSETPUS,199410,1743.898,9,Electricity Net Generation From Waste, All Sectors,Million Kilowatthours
WSETPUS,199411,1712.006,9,Electricity Net Generation From Waste, All Sectors,Million Kilowatthours
WSETPUS,199412,1928.244,9,Electricity Net Generation From Waste, All Sectors,Million Kilowatthours
WSETPUS,199413,19128.595,9,Electricity Net Generation From Waste, All Sectors,Million Kilowatthours
WSETPUS,199501,1635.275,9,Electricity Net Generation From Waste, All Sectors,Million Kilowatthours
WSETPUS,199502,1416.782,9,Electricity Net Generation From Waste, All Sectors,Million Kilowatthours
WSETPUS,199503,1436.203,9,Electricity Net Generation From Waste, All Sectors,Million Kilowatthours
WSETPUS,199504,1903.075,9,Electricity Net Generation From Waste, All Sectors,Million Kilowatthours
WSETPUS,199505,1210.5,9,Electricity Net Generation From Waste, All Sectors,Million Kilowatthours
WSETPUS,199506,1780.563,9,Electricity Net Generation From Waste, All Sectors,Million Kilowatthours
WSETPUS,199507,1717.76,9,Electricity Net Generation From Waste, All Sectors,Million Kilowatthours
WSETPUS,199508,1819.666,9,Electricity Net Generation From Waste, All Sectors,Million Kilowatthours
WSETPUS,199509,1776.224,9,Electricity Net Generation From Waste, All Sectors,Million Kilowatthours
WSETPUS,199510,1934.325,9,Electricity Net Generation From Waste, All Sectors,Million Kilowatthours
WSETPUS,199511,1970.476,9,Electricity Net Generation From Waste, All Sectors,Million Kilowatthours
WSETPUS,199512,1804.121,9,Electricity Net Generation From Waste, All Sectors,Million Kilowatthours
WSETPUS,199513,20404.971,9,Electricity Net Generation From Waste, All Sectors,Million Kilowatthours
WSETPUS,199601,1359.934,9,Electricity Net Generation From Waste, All Sectors,Million Kilowatthours
WSETPUS,199602,1550.901,9,Electricity Net Generation From Waste, All Sectors,Million Kilowatthours
WSETPUS,199603,1743.517,9,Electricity Net Generation From Waste, All Sectors,Million Kilowatthours
WSETPUS,199604,1538.821,9,Electricity Net Generation From Waste, All Sectors,Million Kilowatthours
WSETPUS,199605,1586.998,9,Electricity Net Generation From Waste, All Sectors,Million Kilowatthours
WSETPUS,199606,1868.144,9,Electricity Net Generation From Waste, All Sectors,Million Kilowatthours
WSETPUS,199607,1996.354,9,Electricity Net Generation From Waste, All Sectors,Million Kilowatthours
WSETPUS,199608,1509.979,9,Electricity Net Generation From Waste, All Sectors,Million Kilowatthours
WSETPUS,199609,1775.375,9,Electricity Net Generation From Waste, All Sectors,Million Kilowatthours
WSETPUS,199610,2069.133,9,Electricity Net Generation From Waste, All Sectors,Million Kilowatthours
WSETPUS,199611,1916.64,9,Electricity Net Generation From Waste, All Sectors,Million Kilowatthours
WSETPUS,199612,1995.538,9,Electricity Net Generation From Waste, All Sectors,Million Kilowatthours
WSETPUS,199613,20911.336,9,Electricity Net Generation From Waste, All Sectors,Million Kilowatthours
WSETPUS,199701,1566.285,9,Electricity Net Generation From Waste, All Sectors,Million Kilowatthours
WSETPUS,199702,1695.986,9,Electricity Net Generation From Waste, All Sectors,Million Kilowatthours
WSETPUS,199703,1695.149,9,Electricity Net Generation From Waste, All Sectors,Million Kilowatthours
WSETPUS,199704,1927.865,9,Electricity Net Generation From Waste, All Sectors,Million Kilowatthours
WSETPUS,199705,1996.774,9,Electricity Net Generation From Waste, All Sectors,Million Kilowatthours
WSETPUS,199706,1800.205,9,Electricity Net Generation From Waste, All Sectors,Million Kilowatthours
WSETPUS,199707,1874.612,9,Electricity Net Generation From Waste, All Sectors,Million Kilowatthours
WSETPUS,199708,1894.266,9,Electricity Net Generation From Waste, All Sectors,Million Kilowatthours
WSETPUS,199709,1617.949,9,Electricity Net Generation From Waste, All Sectors,Million Kilowatthours
WSETPUS,199710,1922.175,9,Electricity Net Generation From Waste, All Sectors,Million Kilowatthours
WSETPUS,199711,1818.689,9,Electricity Net Generation From Waste, All Sectors,Million Kilowatthours
WSETPUS,199712,1899.118,9,Electricity Net Generation From Waste, All Sectors,Million Kilowatthours
WSETPUS,199713,21709.073,9,Electricity Net Generation From Waste, All Sectors,Million Kilowatthours
WSETPUS,199801,1605.391,9,Electricity Net Generation From Waste, All Sectors,Million Kilowatthours
WSETPUS,199802,1622.679,9,Electricity Net Generation From Waste, All Sectors,Million Kilowatthours
WSETPUS,199803,1912.332,9,Electricity Net Generation From Waste, All Sectors,Million Kilowatthours
WSETPUS,199804,1873.49,9,Electricity Net Generation From Waste, All Sectors,Million Kilowatthours
WSETPUS,199805,2062.647,9,Electricity Net Generation From Waste, All Sectors,Million Kilowatthours
WSETPUS,199806,1666.305,9,Electricity Net Generation From Waste, All Sectors,Million Kilowatthours
WSETPUS,199807,1911.025,9,Electricity Net Generation From Waste, All Sectors,Million Kilowatthours
WSETPUS,199808,1914.999,9,Electricity Net Generation From Waste, All Sectors,Million Kilowatthours
WSETPUS,199809,1842.697,9,Electricity Net Generation From Waste, All Sectors,Million Kilowatthours
WSETPUS,199810,2028.999,9,Electricity Net Generation From Waste, All Sectors,Million Kilowatthours
WSETPUS,199811,1667.87,9,Electricity Net Generation From Waste, All Sectors,Million Kilowatthours
WSETPUS,199812,2339.501,9,Electricity Net Generation From Waste, All Sectors,Million Kilowatthours
WSETPUS,199813,22447.935,9,Electricity Net Generation From Waste, All Sectors,Million Kilowatthours
WSETPUS,199901,1704.427,9,Electricity Net Generation From Waste, All Sectors,Million Kilowatthours
WSETPUS,199902,1806.741,9,Electricity Net Generation From Waste, All Sectors,Million Kilowatthours
WSETPUS,199903,1843.395,9,Electricity Net Generation From Waste, All Sectors,Million Kilowatthours
WSETPUS,199904,2015.288,9,Electricity Net Generation From Waste, All Sectors,Million Kilowatthours
WSETPUS,199905,2133.331,9,Electricity Net Generation From Waste, All Sectors,Million Kilowatthours
WSETPUS,199906,2050.06,9,Electricity Net Generation From Waste, All Sectors,Million Kilowatthours
WSETPUS,199907,1927.65,9,Electricity Net Generation From Waste, All Sectors,Million Kilowatthours
WSETPUS,199908,1810.142,9,Electricity Net Generation From Waste, All Sectors,Million Kilowatthours
WSETPUS,199909,1853.409,9,Electricity Net Generation From Waste, All Sectors,Million Kilowatthours
WSETPUS,199910,1841.375,9,Electricity Net Generation From Waste, All Sectors,Million Kilowatthours
WSETPUS,199911,1821.917,9,Electricity Net Generation From Waste, All Sectors,Million Kilowatthours
WSETPUS,199912,1764.441,9,Electricity Net Generation From Waste, All Sectors,Million Kilowatthours
WSETPUS,199913,22572.175,9,Electricity Net Generation From Waste, All Sectors,Million Kilowatthours
WSETPUS,200001,1887.412,9,Electricity Net Generation From Waste, All Sectors,Million Kilowatthours
WSETPUS,200002,1958.593,9,Electricity Net Generation From Waste, All Sectors,Million Kilowatthours
WSETPUS,200003,2232.228,9,Electricity Net Generation From Waste, All Sectors,Million Kilowatthours
WSETPUS,200004,2224.222,9,Electricity Net Generation From Waste, All Sectors,Million Kilowatthours
WSETPUS,200005,2388.097,9,Electricity Net Generation From Waste, All Sectors,Million Kilowatthours
WSETPUS,200006,1921.682,9,Electricity Net Generation From Waste, All Sectors,Million Kilowatthours
WSETPUS,200007,2009.215,9,Electricity Net Generation From Waste, All Sectors,Million Kilowatthours
WSETPUS,200008,1923.675,9,Electricity Net Generation From Waste, All Sectors,Million Kilowatthours
WSETPUS,200009,1836.5,9,Electricity Net Generation From Waste, All Sectors,Million Kilowatthours
WSETPUS,200010,1980.497,9,Electricity Net Generation From Waste, All Sectors,Million Kilowatthours
WSETPUS,200011,1824.594,9,Electricity Net Generation From Waste, All Sectors,Million Kilowatthours
WSETPUS,200012,944.6,9,Electricity Net Generation From Waste, All Sectors,Million Kilowatthours
WSETPUS,200013,23131.314,9,Electricity Net Generation From Waste, All Sectors,Million Kilowatthours
WSETPUS,200101,1208.647,9,Electricity Net Generation From Waste, All Sectors,Million Kilowatthours
WSETPUS,200102,1096.331,9,Electricity Net Generation From Waste, All Sectors,Million Kilowatthours
WSETPUS,200103,1189.04,9,Electricity Net Generation From Waste, All Sectors,Million Kilowatthours
WSETPUS,200104,1187.239,9,Electricity Net Generation From Waste, All Sectors,Million Kilowatthours
WSETPUS,200105,1210.741,9,Electricity Net Generation From Waste, All Sectors,Million Kilowatthours
WSETPUS,200106,1224.773,9,Electricity Net Generation From Waste, All Sectors,Million Kilowatthours
WSETPUS,200107,1285.783,9,Electricity Net Generation From Waste, All Sectors,Million Kilowatthours
WSETPUS,200108,1284.821,9,Electricity Net Generation From Waste, All Sectors,Million Kilowatthours
WSETPUS,200109,1201.462,9,Electricity Net Generation From Waste, All Sectors,Million Kilowatthours
WSETPUS,200110,1214.638,9,Electricity Net Generation From Waste, All Sectors,Million Kilowatthours
WSETPUS,200111,1191.821,9,Electricity Net Generation From Waste, All Sectors,Million Kilowatthours
WSETPUS,200112,1252.855,9,Electricity Net Generation From Waste, All Sectors,Million Kilowatthours
WSETPUS,200113,14548.152,9,Electricity Net Generation From Waste, All Sectors,Million Kilowatthours
WSETPUS,200201,1233.474,9,Electricity Net Generation From Waste, All Sectors,Million Kilowatthours
WSETPUS,200202,1086.12,9,Electricity Net Generation From Waste, All Sectors,Million Kilowatthours
WSETPUS,200203,1251.774,9,Electricity Net Generation From Waste, All Sectors,Million Kilowatthours
WSETPUS,200204,1161.6,9,Electricity Net Generation From Waste, All Sectors,Million Kilowatthours
WSETPUS,200205,1247.185,9,Electricity Net Generation From Waste, All Sectors,Million Kilowatthours
WSETPUS,200206,1297.599,9,Electricity Net Generation From Waste, All Sectors,Million Kilowatthours
WSETPUS,200207,1377.975,9,Electricity Net Generation From Waste, All Sectors,Million Kilowatthours
WSETPUS,200208,1396.219,9,Electricity Net Generation From Waste, All Sectors,Million Kilowatthours
WSETPUS,200209,1285.409,9,Electricity Net Generation From Waste, All Sectors,Million Kilowatthours
WSETPUS,200210,1212.841,9,Electricity Net Generation From Waste, All Sectors,Million Kilowatthours
WSETPUS,200211,1214.993,9,Electricity Net Generation From Waste, All Sectors,Million Kilowatthours
WSETPUS,200212,1278.523,9,Electricity Net Generation From Waste, All Sectors,Million Kilowatthours
WSETPUS,200213,15043.712,9,Electricity Net Generation From Waste, All Sectors,Million Kilowatthours
WSETPUS,200301,1327.981,9,Electricity Net Generation From Waste, All Sectors,Million Kilowatthours
WSETPUS,200302,1163.352,9,Electricity Net Generation From Waste, All Sectors,Million Kilowatthours
WSETPUS,200303,1339.597,9,Electricity Net Generation From Waste, All Sectors,Million Kilowatthours
WSETPUS,200304,1318.288,9,Electricity Net Generation From Waste, All Sectors,Million Kilowatthours
WSETPUS,200305,1301.322,9,Electricity Net Generation From Waste, All Sectors,Million Kilowatthours
WSETPUS,200306,1289.752,9,Electricity Net Generation From Waste, All Sectors,Million Kilowatthours
WSETPUS,200307,1404.174,9,Electricity Net Generation From Waste, All Sectors,Million Kilowatthours
WSETPUS,200308,1383.317,9,Electricity Net Generation From Waste, All Sectors,Million Kilowatthours
WSETPUS,200309,1303.166,9,Electricity Net Generation From Waste, All Sectors,Million Kilowatthours
WSETPUS,200310,1280.751,9,Electricity Net Generation From Waste, All Sectors,Million Kilowatthours
WSETPUS,200311,1284.958,9,Electricity Net Generation From Waste, All Sectors,Million Kilowatthours
WSETPUS,200312,1415.334,9,Electricity Net Generation From Waste, All Sectors,Million Kilowatthours
WSETPUS,200313,15811.992,9,Electricity Net Generation From Waste, All Sectors,Million Kilowatthours
WSETPUS,200401,1262.997,9,Electricity Net Generation From Waste, All Sectors,Million Kilowatthours
WSETPUS,200402,1223.129,9,Electricity Net Generation From Waste, All Sectors,Million Kilowatthours
WSETPUS,200403,1291.317,9,Electricity Net Generation From Waste, All Sectors,Million Kilowatthours
WSETPUS,200404,1291.138,9,Electricity Net Generation From Waste, All Sectors,Million Kilowatthours
WSETPUS,200405,1359.191,9,Electricity Net Generation From Waste, All Sectors,Million Kilowatthours
WSETPUS,200406,1305.824,9,Electricity Net Generation From Waste, All Sectors,Million Kilowatthours
WSETPUS,200407,1326.582,9,Electricity Net Generation From Waste, All Sectors,Million Kilowatthours
WSETPUS,200408,1328.558,9,Electricity Net Generation From Waste, All Sectors,Million Kilowatthours
WSETPUS,200409,1238.518,9,Electricity Net Generation From Waste, All Sectors,Million Kilowatthours
WSETPUS,200410,1248.387,9,Electricity Net Generation From Waste, All Sectors,Million Kilowatthours
WSETPUS,200411,1257.977,9,Electricity Net Generation From Waste, All Sectors,Million Kilowatthours
WSETPUS,200412,1286.95,9,Electricity Net Generation From Waste, All Sectors,Million Kilowatthours
WSETPUS,200413,15420.57,9,Electricity Net Generation From Waste, All Sectors,Million Kilowatthours
WSETPUS,200501,1278.347,9,Electricity Net Generation From Waste, All Sectors,Million Kilowatthours
WSETPUS,200502,1123.407,9,Electricity Net Generation From Waste, All Sectors,Million Kilowatthours
WSETPUS,200503,1277.929,9,Electricity Net Generation From Waste, All Sectors,Million Kilowatthours
WSETPUS,200504,1222.542,9,Electricity Net Generation From Waste, All Sectors,Million Kilowatthours
WSETPUS,200505,1351.152,9,Electricity Net Generation From Waste, All Sectors,Million Kilowatthours
WSETPUS,200506,1329.134,9,Electricity Net Generation From Waste, All Sectors,Million Kilowatthours
WSETPUS,200507,1381.227,9,Electricity Net Generation From Waste, All Sectors,Million Kilowatthours
WSETPUS,200508,1348.025,9,Electricity Net Generation From Waste, All Sectors,Million Kilowatthours
WSETPUS,200509,1283.007,9,Electricity Net Generation From Waste, All Sectors,Million Kilowatthours
WSETPUS,200510,1205.376,9,Electricity Net Generation From Waste, All Sectors,Million Kilowatthours
WSETPUS,200511,1290.21,9,Electricity Net Generation From Waste, All Sectors,Million Kilowatthours
WSETPUS,200512,1330.037,9,Electricity Net Generation From Waste, All Sectors,Million Kilowatthours
WSETPUS,200513,15420.393,9,Electricity Net Generation From Waste, All Sectors,Million Kilowatthours
WSETPUS,200601,1388.234,9,Electricity Net Generation From Waste, All Sectors,Million Kilowatthours
WSETPUS,200602,1270.35,9,Electricity Net Generation From Waste, All Sectors,Million Kilowatthours
WSETPUS,200603,1344.34,9,Electricity Net Generation From Waste, All Sectors,Million Kilowatthours
WSETPUS,200604,1226.903,9,Electricity Net Generation From Waste, All Sectors,Million Kilowatthours
WSETPUS,200605,1371.355,9,Electricity Net Generation From Waste, All Sectors,Million Kilowatthours
WSETPUS,200606,1328.039,9,Electricity Net Generation From Waste, All Sectors,Million Kilowatthours
WSETPUS,200607,1399.065,9,Electricity Net Generation From Waste, All Sectors,Million Kilowatthours
WSETPUS,200608,1388.888,9,Electricity Net Generation From Waste, All Sectors,Million Kilowatthours
WSETPUS,200609,1307.632,9,Electricity Net Generation From Waste, All Sectors,Million Kilowatthours
WSETPUS,200610,1332.484,9,Electricity Net Generation From Waste, All Sectors,Million Kilowatthours
WSETPUS,200611,1358.822,9,Electricity Net Generation From Waste, All Sectors,Million Kilowatthours
WSETPUS,200612,1382.411,9,Electricity Net Generation From Waste, All Sectors,Million Kilowatthours
WSETPUS,200613,16098.525,9,Electricity Net Generation From Waste, All Sectors,Million Kilowatthours
WSETPUS,200701,1370.712,9,Electricity Net Generation From Waste, All Sectors,Million Kilowatthours
WSETPUS,200702,1200.214,9,Electricity Net Generation From Waste, All Sectors,Million Kilowatthours
WSETPUS,200703,1373.07,9,Electricity Net Generation From Waste, All Sectors,Million Kilowatthours
WSETPUS,200704,1253.621,9,Electricity Net Generation From Waste, All Sectors,Million Kilowatthours
WSETPUS,200705,1348.72,9,Electricity Net Generation From Waste, All Sectors,Million Kilowatthours
WSETPUS,200706,1392.436,9,Electricity Net Generation From Waste, All Sectors,Million Kilowatthours
WSETPUS,200707,1443.056,9,Electricity Net Generation From Waste, All Sectors,Million Kilowatthours
WSETPUS,200708,1439.539,9,Electricity Net Generation From Waste, All Sectors,Million Kilowatthours
WSETPUS,200709,1400.205,9,Electricity Net Generation From Waste, All Sectors,Million Kilowatthours
WSETPUS,200710,1425.648,9,Electricity Net Generation From Waste, All Sectors,Million Kilowatthours
WSETPUS,200711,1425.131,9,Electricity Net Generation From Waste, All Sectors,Million Kilowatthours
WSETPUS,200712,1452.203,9,Electricity Net Generation From Waste, All Sectors,Million Kilowatthours
WSETPUS,200713,16524.554,9,Electricity Net Generation From Waste, All Sectors,Million Kilowatthours
WSETPUS,200801,1406.708,9,Electricity Net Generation From Waste, All Sectors,Million Kilowatthours
WSETPUS,200802,1364.461,9,Electricity Net Generation From Waste, All Sectors,Million Kilowatthours
WSETPUS,200803,1472.452,9,Electricity Net Generation From Waste, All Sectors,Million Kilowatthours
WSETPUS,200804,1503.519,9,Electricity Net Generation From Waste, All Sectors,Million Kilowatthours
WSETPUS,200805,1474.908,9,Electricity Net Generation From Waste, All Sectors,Million Kilowatthours
WSETPUS,200806,1501.889,9,Electricity Net Generation From Waste, All Sectors,Million Kilowatthours
WSETPUS,200807,1608.425,9,Electricity Net Generation From Waste, All Sectors,Million Kilowatthours
WSETPUS,200808,1529.496,9,Electricity Net Generation From Waste, All Sectors,Million Kilowatthours
WSETPUS,200809,1426.644,9,Electricity Net Generation From Waste, All Sectors,Million Kilowatthours
WSETPUS,200810,1489.617,9,Electricity Net Generation From Waste, All Sectors,Million Kilowatthours
WSETPUS,200811,1449.293,9,Electricity Net Generation From Waste, All Sectors,Million Kilowatthours
WSETPUS,200812,1506.347,9,Electricity Net Generation From Waste, All Sectors,Million Kilowatthours
WSETPUS,200813,17733.759,9,Electricity Net Generation From Waste, All Sectors,Million Kilowatthours
WSETPUS,200901,1462.399,9,Electricity Net Generation From Waste, All Sectors,Million Kilowatthours
WSETPUS,200902,1357.453,9,Electricity Net Generation From Waste, All Sectors,Million Kilowatthours
WSETPUS,200903,1553.092,9,Electricity Net Generation From Waste, All Sectors,Million Kilowatthours
WSETPUS,200904,1542.336,9,Electricity Net Generation From Waste, All Sectors,Million Kilowatthours
WSETPUS,200905,1522.219,9,Electricity Net Generation From Waste, All Sectors,Million Kilowatthours
WSETPUS,200906,1558.397,9,Electricity Net Generation From Waste, All Sectors,Million Kilowatthours
WSETPUS,200907,1628.483,9,Electricity Net Generation From Waste, All Sectors,Million Kilowatthours
WSETPUS,200908,1603.78,9,Electricity Net Generation From Waste, All Sectors,Million Kilowatthours
WSETPUS,200909,1501.263,9,Electricity Net Generation From Waste, All Sectors,Million Kilowatthours
WSETPUS,200910,1533.186,9,Electricity Net Generation From Waste, All Sectors,Million Kilowatthours
WSETPUS,200911,1572.312,9,Electricity Net Generation From Waste, All Sectors,Million Kilowatthours
WSETPUS,200912,1607.676,9,Electricity Net Generation From Waste, All Sectors,Million Kilowatthours
WSETPUS,200913,18442.596,9,Electricity Net Generation From Waste, All Sectors,Million Kilowatthours
WSETPUS,201001,1502.763,9,Electricity Net Generation From Waste, All Sectors,Million Kilowatthours
WSETPUS,201002,1382.241,9,Electricity Net Generation From Waste, All Sectors,Million Kilowatthours
WSETPUS,201003,1591.67,9,Electricity Net Generation From Waste, All Sectors,Million Kilowatthours
WSETPUS,201004,1558.147,9,Electricity Net Generation From Waste, All Sectors,Million Kilowatthours
WSETPUS,201005,1576.629,9,Electricity Net Generation From Waste, All Sectors,Million Kilowatthours
WSETPUS,201006,1626.765,9,Electricity Net Generation From Waste, All Sectors,Million Kilowatthours
WSETPUS,201007,1640.073,9,Electricity Net Generation From Waste, All Sectors,Million Kilowatthours
WSETPUS,201008,1642.191,9,Electricity Net Generation From Waste, All Sectors,Million Kilowatthours
WSETPUS,201009,1574.687,9,Electricity Net Generation From Waste, All Sectors,Million Kilowatthours
WSETPUS,201010,1547.063,9,Electricity Net Generation From Waste, All Sectors,Million Kilowatthours
WSETPUS,201011,1625.338,9,Electricity Net Generation From Waste, All Sectors,Million Kilowatthours
WSETPUS,201012,1649.639,9,Electricity Net Generation From Waste, All Sectors,Million Kilowatthours
WSETPUS,201013,18917.207,9,Electricity Net Generation From Waste, All Sectors,Million Kilowatthours
WSETPUS,201101,1514.838,9,Electricity Net Generation From Waste, All Sectors,Million Kilowatthours
WSETPUS,201102,1426.672,9,Electricity Net Generation From Waste, All Sectors,Million Kilowatthours
WSETPUS,201103,1565.031,9,Electricity Net Generation From Waste, All Sectors,Million Kilowatthours
WSETPUS,201104,1502.544,9,Electricity Net Generation From Waste, All Sectors,Million Kilowatthours
WSETPUS,201105,1563.179,9,Electricity Net Generation From Waste, All Sectors,Million Kilowatthours
WSETPUS,201106,1631.657,9,Electricity Net Generation From Waste, All Sectors,Million Kilowatthours
WSETPUS,201107,1689.74,9,Electricity Net Generation From Waste, All Sectors,Million Kilowatthours
WSETPUS,201108,1692.393,9,Electricity Net Generation From Waste, All Sectors,Million Kilowatthours
WSETPUS,201109,1589.088,9,Electricity Net Generation From Waste, All Sectors,Million Kilowatthours
WSETPUS,201110,1630.97,9,Electricity Net Generation From Waste, All Sectors,Million Kilowatthours
WSETPUS,201111,1684.402,9,Electricity Net Generation From Waste, All Sectors,Million Kilowatthours
WSETPUS,201112,1731.249,9,Electricity Net Generation From Waste, All Sectors,Million Kilowatthours
WSETPUS,201113,19221.763,9,Electricity Net Generation From Waste, All Sectors,Million Kilowatthours
WSETPUS,201201,1601.15,9,Electricity Net Generation From Waste, All Sectors,Million Kilowatthours
WSETPUS,201202,1503.968,9,Electricity Net Generation From Waste, All Sectors,Million Kilowatthours
WSETPUS,201203,1623.477,9,Electricity Net Generation From Waste, All Sectors,Million Kilowatthours
WSETPUS,201204,1583.228,9,Electricity Net Generation From Waste, All Sectors,Million Kilowatthours
WSETPUS,201205,1653.687,9,Electricity Net Generation From Waste, All Sectors,Million Kilowatthours
WSETPUS,201206,1611.538,9,Electricity Net Generation From Waste, All Sectors,Million Kilowatthours
WSETPUS,201207,1721.233,9,Electricity Net Generation From Waste, All Sectors,Million Kilowatthours
WSETPUS,201208,1725.555,9,Electricity Net Generation From Waste, All Sectors,Million Kilowatthours
WSETPUS,201209,1626.094,9,Electricity Net Generation From Waste, All Sectors,Million Kilowatthours
WSETPUS,201210,1715.799,9,Electricity Net Generation From Waste, All Sectors,Million Kilowatthours
WSETPUS,201211,1684.004,9,Electricity Net Generation From Waste, All Sectors,Million Kilowatthours
WSETPUS,201212,1773.304,9,Electricity Net Generation From Waste, All Sectors,Million Kilowatthours
WSETPUS,201213,19823.037,9,Electricity Net Generation From Waste, All Sectors,Million Kilowatthours
WSETPUS,201301,1688.273,9,Electricity Net Generation From Waste, All Sectors,Million Kilowatthours
WSETPUS,201302,1502.89,9,Electricity Net Generation From Waste, All Sectors,Million Kilowatthours
WSETPUS,201303,1757.147,9,Electricity Net Generation From Waste, All Sectors,Million Kilowatthours
WSETPUS,201304,1680.538,9,Electricity Net Generation From Waste, All Sectors,Million Kilowatthours
WSETPUS,201305,1781.204,9,Electricity Net Generation From Waste, All Sectors,Million Kilowatthours
WSETPUS,201306,1726.958,9,Electricity Net Generation From Waste, All Sectors,Million Kilowatthours
WSETPUS,201307,1797.266,9,Electricity Net Generation From Waste, All Sectors,Million Kilowatthours
WSETPUS,201308,1847.46,9,Electricity Net Generation From Waste, All Sectors,Million Kilowatthours
WSETPUS,201309,1715.768,9,Electricity Net Generation From Waste, All Sectors,Million Kilowatthours
WSETPUS,201310,1730.517,9,Electricity Net Generation From Waste, All Sectors,Million Kilowatthours
WSETPUS,201311,1765.37,9,Electricity Net Generation From Waste, All Sectors,Million Kilowatthours
WSETPUS,201312,1837.098,9,Electricity Net Generation From Waste, All Sectors,Million Kilowatthours
WSETPUS,201313,20830.49,9,Electricity Net Generation From Waste, All Sectors,Million Kilowatthours
WSETPUS,201401,1849.523,9,Electricity Net Generation From Waste, All Sectors,Million Kilowatthours
WSETPUS,201402,1686.438,9,Electricity Net Generation From Waste, All Sectors,Million Kilowatthours
WSETPUS,201403,1850.942,9,Electricity Net Generation From Waste, All Sectors,Million Kilowatthours
WSETPUS,201404,1809.578,9,Electricity Net Generation From Waste, All Sectors,Million Kilowatthours
WSETPUS,201405,1849.164,9,Electricity Net Generation From Waste, All Sectors,Million Kilowatthours
WSETPUS,201406,1826.34,9,Electricity Net Generation From Waste, All Sectors,Million Kilowatthours
WSETPUS,201407,1942.098,9,Electricity Net Generation From Waste, All Sectors,Million Kilowatthours
WSETPUS,201408,1880.356,9,Electricity Net Generation From Waste, All Sectors,Million Kilowatthours
WSETPUS,201409,1771.584,9,Electricity Net Generation From Waste, All Sectors,Million Kilowatthours
WSETPUS,201410,1726.276,9,Electricity Net Generation From Waste, All Sectors,Million Kilowatthours
WSETPUS,201411,1690.518,9,Electricity Net Generation From Waste, All Sectors,Million Kilowatthours
WSETPUS,201412,1766.901,9,Electricity Net Generation From Waste, All Sectors,Million Kilowatthours
WSETPUS,201413,21649.719,9,Electricity Net Generation From Waste, All Sectors,Million Kilowatthours
WSETPUS,201501,1724.77,9,Electricity Net Generation From Waste, All Sectors,Million Kilowatthours
WSETPUS,201502,1524.176,9,Electricity Net Generation From Waste, All Sectors,Million Kilowatthours
WSETPUS,201503,1712.288,9,Electricity Net Generation From Waste, All Sectors,Million Kilowatthours
WSETPUS,201504,1729.256,9,Electricity Net Generation From Waste, All Sectors,Million Kilowatthours
WSETPUS,201505,1798.756,9,Electricity Net Generation From Waste, All Sectors,Million Kilowatthours
WSETPUS,201506,1784.078,9,Electricity Net Generation From Waste, All Sectors,Million Kilowatthours
WSETPUS,201507,1988.778,9,Electricity Net Generation From Waste, All Sectors,Million Kilowatthours
WSETPUS,201508,1921.428,9,Electricity Net Generation From Waste, All Sectors,Million Kilowatthours
WSETPUS,201509,1805.487,9,Electricity Net Generation From Waste, All Sectors,Million Kilowatthours
WSETPUS,201510,1843.156,9,Electricity Net Generation From Waste, All Sectors,Million Kilowatthours
WSETPUS,201511,1901.943,9,Electricity Net Generation From Waste, All Sectors,Million Kilowatthours
WSETPUS,201512,1969.256,9,Electricity Net Generation From Waste, All Sectors,Million Kilowatthours
WSETPUS,201513,21703.372,9,Electricity Net Generation From Waste, All Sectors,Million Kilowatthours
WSETPUS,201601,1794.55,9,Electricity Net Generation From Waste, All Sectors,Million Kilowatthours
WSETPUS,201602,1708.303,9,Electricity Net Generation From Waste, All Sectors,Million Kilowatthours
WSETPUS,201603,1809.218,9,Electricity Net Generation From Waste, All Sectors,Million Kilowatthours
WSETPUS,201604,1811.485,9,Electricity Net Generation From Waste, All Sectors,Million Kilowatthours
WSETPUS,201605,1909.011,9,Electricity Net Generation From Waste, All Sectors,Million Kilowatthours
WSETPUS,201606,1794.466,9,Electricity Net Generation From Waste, All Sectors,Million Kilowatthours
WSETPUS,201607,1840.408,9,Electricity Net Generation From Waste, All Sectors,Million Kilowatthours
WSETPUS,201608,1860.309,9,Electricity Net Generation From Waste, All Sectors,Million Kilowatthours
WSETPUS,201609,1756.636,9,Electricity Net Generation From Waste, All Sectors,Million Kilowatthours
WSETPUS,201610,1693.104,9,Electricity Net Generation From Waste, All Sectors,Million Kilowatthours
WSETPUS,201611,1891.249,9,Electricity Net Generation From Waste, All Sectors,Million Kilowatthours
WSETPUS,201612,1944.492,9,Electricity Net Generation From Waste, All Sectors,Million Kilowatthours
WSETPUS,201613,21813.231,9,Electricity Net Generation From Waste, All Sectors,Million Kilowatthours
WSETPUS,201701,1897.391,9,Electricity Net Generation From Waste, All Sectors,Million Kilowatthours
WSETPUS,201702,1697.118,9,Electricity Net Generation From Waste, All Sectors,Million Kilowatthours
WSETPUS,201703,1847.569,9,Electricity Net Generation From Waste, All Sectors,Million Kilowatthours
WSETPUS,201704,1741.69,9,Electricity Net Generation From Waste, All Sectors,Million Kilowatthours
WSETPUS,201705,1849.796,9,Electricity Net Generation From Waste, All Sectors,Million Kilowatthours
WSETPUS,201706,1796.52,9,Electricity Net Generation From Waste, All Sectors,Million Kilowatthours
WSETPUS,201707,1823.779,9,Electricity Net Generation From Waste, All Sectors,Million Kilowatthours
WSETPUS,201708,1824.891,9,Electricity Net Generation From Waste, All Sectors,Million Kilowatthours
WSETPUS,201709,1702.546,9,Electricity Net Generation From Waste, All Sectors,Million Kilowatthours
WSETPUS,201710,1727.853,9,Electricity Net Generation From Waste, All Sectors,Million Kilowatthours
WSETPUS,201711,1804.841,9,Electricity Net Generation From Waste, All Sectors,Million Kilowatthours
WSETPUS,201712,1895.898,9,Electricity Net Generation From Waste, All Sectors,Million Kilowatthours
WSETPUS,201713,21609.894,9,Electricity Net Generation From Waste, All Sectors,Million Kilowatthours
WSETPUS,201801,1816.607,9,Electricity Net Generation From Waste, All Sectors,Million Kilowatthours
WSETPUS,201802,1716.064,9,Electricity Net Generation From Waste, All Sectors,Million Kilowatthours
WSETPUS,201803,1821.764,9,Electricity Net Generation From Waste, All Sectors,Million Kilowatthours
WSETPUS,201804,1725.698,9,Electricity Net Generation From Waste, All Sectors,Million Kilowatthours
WSETPUS,201805,1731.562,9,Electricity Net Generation From Waste, All Sectors,Million Kilowatthours
WSETPUS,201806,1719.995,9,Electricity Net Generation From Waste, All Sectors,Million Kilowatthours
WSETPUS,201807,1750.031,9,Electricity Net Generation From Waste, All Sectors,Million Kilowatthours
WSETPUS,201808,1757.519,9,Electricity Net Generation From Waste, All Sectors,Million Kilowatthours
WSETPUS,201809,1589.557,9,Electricity Net Generation From Waste, All Sectors,Million Kilowatthours
WSETPUS,201810,1743.386,9,Electricity Net Generation From Waste, All Sectors,Million Kilowatthours
WSETPUS,201811,1724.295,9,Electricity Net Generation From Waste, All Sectors,Million Kilowatthours
WSETPUS,201812,1799.287,9,Electricity Net Generation From Waste, All Sectors,Million Kilowatthours
WSETPUS,201813,20895.765,9,Electricity Net Generation From Waste, All Sectors,Million Kilowatthours
WSETPUS,201901,1672.248,9,Electricity Net Generation From Waste, All Sectors,Million Kilowatthours
WSETPUS,201902,1497.71,9,Electricity Net Generation From Waste, All Sectors,Million Kilowatthours
WSETPUS,201903,1624.593,9,Electricity Net Generation From Waste, All Sectors,Million Kilowatthours
WSETPUS,201904,1509.57,9,Electricity Net Generation From Waste, All Sectors,Million Kilowatthours
WSETPUS,201905,1563.806,9,Electricity Net Generation From Waste, All Sectors,Million Kilowatthours
WSETPUS,201906,1581.342,9,Electricity Net Generation From Waste, All Sectors,Million Kilowatthours
WSETPUS,201907,1616.881,9,Electricity Net Generation From Waste, All Sectors,Million Kilowatthours
WSETPUS,201908,1635.717,9,Electricity Net Generation From Waste, All Sectors,Million Kilowatthours
WSETPUS,201909,1529.597,9,Electricity Net Generation From Waste, All Sectors,Million Kilowatthours
WSETPUS,201910,1573.394,9,Electricity Net Generation From Waste, All Sectors,Million Kilowatthours
WSETPUS,201911,1525.457,9,Electricity Net Generation From Waste, All Sectors,Million Kilowatthours
WSETPUS,201912,1633.256,9,Electricity Net Generation From Waste, All Sectors,Million Kilowatthours
WSETPUS,201913,18963.571,9,Electricity Net Generation From Waste, All Sectors,Million Kilowatthours
WSETPUS,202001,1654.169,9,Electricity Net Generation From Waste, All Sectors,Million Kilowatthours
WSETPUS,202002,1512.221,9,Electricity Net Generation From Waste, All Sectors,Million Kilowatthours
WSETPUS,202003,1646.54,9,Electricity Net Generation From Waste, All Sectors,Million Kilowatthours
WSETPUS,202004,1557.601,9,Electricity Net Generation From Waste, All Sectors,Million Kilowatthours
WSETPUS,202005,1589.522,9,Electricity Net Generation From Waste, All Sectors,Million Kilowatthours
WSETPUS,202006,1456.396,9,Electricity Net Generation From Waste, All Sectors,Million Kilowatthours
WSETPUS,202007,1541.453,9,Electricity Net Generation From Waste, All Sectors,Million Kilowatthours
WSETPUS,202008,1560.81,9,Electricity Net Generation From Waste, All Sectors,Million Kilowatthours
WSETPUS,202009,1482.879,9,Electricity Net Generation From Waste, All Sectors,Million Kilowatthours
WSETPUS,202010,1489.002,9,Electricity Net Generation From Waste, All Sectors,Million Kilowatthours
WSETPUS,202011,1452.646,9,Electricity Net Generation From Waste, All Sectors,Million Kilowatthours
WSETPUS,202012,1549.434,9,Electricity Net Generation From Waste, All Sectors,Million Kilowatthours
WSETPUS,202013,18492.674,9,Electricity Net Generation From Waste, All Sectors,Million Kilowatthours
WSETPUS,202101,1594.955,9,Electricity Net Generation From Waste, All Sectors,Million Kilowatthours
WSETPUS,202102,1398.92,9,Electricity Net Generation From Waste, All Sectors,Million Kilowatthours
WSETPUS,202103,1573.807,9,Electricity Net Generation From Waste, All Sectors,Million Kilowatthours
WSETPUS,202104,1465.497,9,Electricity Net Generation From Waste, All Sectors,Million Kilowatthours
WSETPUS,202105,1514.154,9,Electricity Net Generation From Waste, All Sectors,Million Kilowatthours
WSETPUS,202106,1469.595,9,Electricity Net Generation From Waste, All Sectors,Million Kilowatthours
WSETPUS,202107,1496.883,9,Electricity Net Generation From Waste, All Sectors,Million Kilowatthours
WSETPUS,202108,1469.54,9,Electricity Net Generation From Waste, All Sectors,Million Kilowatthours
WSETPUS,202109,1436.605,9,Electricity Net Generation From Waste, All Sectors,Million Kilowatthours
WSETPUS,202110,1439.97,9,Electricity Net Generation From Waste, All Sectors,Million Kilowatthours
WSETPUS,202111,1393.144,9,Electricity Net Generation From Waste, All Sectors,Million Kilowatthours
WSETPUS,202112,1536.484,9,Electricity Net Generation From Waste, All Sectors,Million Kilowatthours
WSETPUS,202113,17789.553,9,Electricity Net Generation From Waste, All Sectors,Million Kilowatthours
WSETPUS,202201,1469.016,9,Electricity Net Generation From Waste, All Sectors,Million Kilowatthours
WSETPUS,202202,1319.659,9,Electricity Net Generation From Waste, All Sectors,Million Kilowatthours
WSETPUS,202203,1434.003,9,Electricity Net Generation From Waste, All Sectors,Million Kilowatthours
WSETPUS,202204,1377.171,9,Electricity Net Generation From Waste, All Sectors,Million Kilowatthours
WSETPUS,202205,1441.934,9,Electricity Net Generation From Waste, All Sectors,Million Kilowatthours
WSETPUS,202206,1441.872,9,Electricity Net Generation From Waste, All Sectors,Million Kilowatthours
WSETPUS,202207,1469.767,9,Electricity Net Generation From Waste, All Sectors,Million Kilowatthours
WSETPUS,202208,1427.25,9,Electricity Net Generation From Waste, All Sectors,Million Kilowatthours
WSETPUS,202209,1346.771,9,Electricity Net Generation From Waste, All Sectors,Million Kilowatthours
WSETPUS,202210,1411.783,9,Electricity Net Generation From Waste, All Sectors,Million Kilowatthours
WSETPUS,202211,1361.162,9,Electricity Net Generation From Waste, All Sectors,Million Kilowatthours
