WDETPUS,194913,386.036,8,Electricity Net Generation From Wood, All Sectors,Million Kilowatthours
WDETPUS,195013,389.585,8,Electricity Net Generation From Wood, All Sectors,Million Kilowatthours
WDETPUS,195113,390.784,8,Electricity Net Generation From Wood, All Sectors,Million Kilowatthours
WDETPUS,195213,481.647,8,Electricity Net Generation From Wood, All Sectors,Million Kilowatthours
WDETPUS,195313,389.418,8,Electricity Net Generation From Wood, All Sectors,Million Kilowatthours
WDETPUS,195413,263.434,8,Electricity Net Generation From Wood, All Sectors,Million Kilowatthours
WDETPUS,195513,276.469,8,Electricity Net Generation From Wood, All Sectors,Million Kilowatthours
WDETPUS,195613,151.678,8,Electricity Net Generation From Wood, All Sectors,Million Kilowatthours
WDETPUS,195713,176.678,8,Electricity Net Generation From Wood, All Sectors,Million Kilowatthours
WDETPUS,195813,175.003,8,Electricity Net Generation From Wood, All Sectors,Million Kilowatthours
WDETPUS,195913,152.877,8,Electricity Net Generation From Wood, All Sectors,Million Kilowatthours
WDETPUS,196013,140.166,8,Electricity Net Generation From Wood, All Sectors,Million Kilowatthours
WDETPUS,196113,125.734,8,Electricity Net Generation From Wood, All Sectors,Million Kilowatthours
WDETPUS,196213,127.796,8,Electricity Net Generation From Wood, All Sectors,Million Kilowatthours
WDETPUS,196313,127.94,8,Electricity Net Generation From Wood, All Sectors,Million Kilowatthours
WDETPUS,196413,148.076,8,Electricity Net Generation From Wood, All Sectors,Million Kilowatthours
WDETPUS,196513,268.804,8,Electricity Net Generation From Wood, All Sectors,Million Kilowatthours
WDETPUS,196613,333.926,8,Electricity Net Generation From Wood, All Sectors,Million Kilowatthours
WDETPUS,196713,315.688,8,Electricity Net Generation From Wood, All Sectors,Million Kilowatthours
WDETPUS,196813,375.062,8,Electricity Net Generation From Wood, All Sectors,Million Kilowatthours
WDETPUS,196913,319.933,8,Electricity Net Generation From Wood, All Sectors,Million Kilowatthours
WDETPUS,197013,136,8,Electricity Net Generation From Wood, All Sectors,Million Kilowatthours
WDETPUS,197113,111.33,8,Electricity Net Generation From Wood, All Sectors,Million Kilowatthours
WDETPUS,197213,130.859,8,Electricity Net Generation From Wood, All Sectors,Million Kilowatthours
WDETPUS,197301,5.157,8,Electricity Net Generation From Wood, All Sectors,Million Kilowatthours
WDETPUS,197302,15.138,8,Electricity Net Generation From Wood, All Sectors,Million Kilowatthours
WDETPUS,197303,17.94,8,Electricity Net Generation From Wood, All Sectors,Million Kilowatthours
WDETPUS,197304,6.323,8,Electricity Net Generation From Wood, All Sectors,Million Kilowatthours
WDETPUS,197305,4.589,8,Electricity Net Generation From Wood, All Sectors,Million Kilowatthours
WDETPUS,197306,3.707,8,Electricity Net Generation From Wood, All Sectors,Million Kilowatthours
WDETPUS,197307,3.821,8,Electricity Net Generation From Wood, All Sectors,Million Kilowatthours
WDETPUS,197308,15.159,8,Electricity Net Generation From Wood, All Sectors,Million Kilowatthours
WDETPUS,197309,19.924,8,Electricity Net Generation From Wood, All Sectors,Million Kilowatthours
WDETPUS,197310,18.564,8,Electricity Net Generation From Wood, All Sectors,Million Kilowatthours
WDETPUS,197311,9.174,8,Electricity Net Generation From Wood, All Sectors,Million Kilowatthours
WDETPUS,197312,10.907,8,Electricity Net Generation From Wood, All Sectors,Million Kilowatthours
WDETPUS,197313,130.403,8,Electricity Net Generation From Wood, All Sectors,Million Kilowatthours
WDETPUS,197401,10.676,8,Electricity Net Generation From Wood, All Sectors,Million Kilowatthours
WDETPUS,197402,3.687,8,Electricity Net Generation From Wood, All Sectors,Million Kilowatthours
WDETPUS,197403,3.404,8,Electricity Net Generation From Wood, All Sectors,Million Kilowatthours
WDETPUS,197404,10.355,8,Electricity Net Generation From Wood, All Sectors,Million Kilowatthours
WDETPUS,197405,11.103,8,Electricity Net Generation From Wood, All Sectors,Million Kilowatthours
WDETPUS,197406,9.564,8,Electricity Net Generation From Wood, All Sectors,Million Kilowatthours
WDETPUS,197407,0.466,8,Electricity Net Generation From Wood, All Sectors,Million Kilowatthours
WDETPUS,197408,2.967,8,Electricity Net Generation From Wood, All Sectors,Million Kilowatthours
WDETPUS,197409,11.63,8,Electricity Net Generation From Wood, All Sectors,Million Kilowatthours
WDETPUS,197410,1.738,8,Electricity Net Generation From Wood, All Sectors,Million Kilowatthours
WDETPUS,197411,1.86,8,Electricity Net Generation From Wood, All Sectors,Million Kilowatthours
WDETPUS,197412,1.072,8,Electricity Net Generation From Wood, All Sectors,Million Kilowatthours
WDETPUS,197413,68.523,8,Electricity Net Generation From Wood, All Sectors,Million Kilowatthours
WDETPUS,197501,0.738,8,Electricity Net Generation From Wood, All Sectors,Million Kilowatthours
WDETPUS,197502,1.018,8,Electricity Net Generation From Wood, All Sectors,Million Kilowatthours
WDETPUS,197503,0.588,8,Electricity Net Generation From Wood, All Sectors,Million Kilowatthours
WDETPUS,197504,0.195,8,Electricity Net Generation From Wood, All Sectors,Million Kilowatthours
WDETPUS,197505,0.897,8,Electricity Net Generation From Wood, All Sectors,Million Kilowatthours
WDETPUS,197506,2.721,8,Electricity Net Generation From Wood, All Sectors,Million Kilowatthours
WDETPUS,197507,0.366,8,Electricity Net Generation From Wood, All Sectors,Million Kilowatthours
WDETPUS,197508,1.506,8,Electricity Net Generation From Wood, All Sectors,Million Kilowatthours
WDETPUS,197509,3.089,8,Electricity Net Generation From Wood, All Sectors,Million Kilowatthours
WDETPUS,197510,2.9,8,Electricity Net Generation From Wood, All Sectors,Million Kilowatthours
WDETPUS,197511,1.844,8,Electricity Net Generation From Wood, All Sectors,Million Kilowatthours
WDETPUS,197512,1.689,8,Electricity Net Generation From Wood, All Sectors,Million Kilowatthours
WDETPUS,197513,17.551,8,Electricity Net Generation From Wood, All Sectors,Million Kilowatthours
WDETPUS,197601,2.121,8,Electricity Net Generation From Wood, All Sectors,Million Kilowatthours
WDETPUS,197602,1.858,8,Electricity Net Generation From Wood, All Sectors,Million Kilowatthours
WDETPUS,197603,2.54,8,Electricity Net Generation From Wood, All Sectors,Million Kilowatthours
WDETPUS,197604,2.203,8,Electricity Net Generation From Wood, All Sectors,Million Kilowatthours
WDETPUS,197605,2.403,8,Electricity Net Generation From Wood, All Sectors,Million Kilowatthours
WDETPUS,197606,2.887,8,Electricity Net Generation From Wood, All Sectors,Million Kilowatthours
WDETPUS,197607,0.955,8,Electricity Net Generation From Wood, All Sectors,Million Kilowatthours
WDETPUS,197608,2.946,8,Electricity Net Generation From Wood, All Sectors,Million Kilowatthours
WDETPUS,197609,5.491,8,Electricity Net Generation From Wood, All Sectors,Million Kilowatthours
WDETPUS,197610,5.042,8,Electricity Net Generation From Wood, All Sectors,Million Kilowatthours
WDETPUS,197611,25.731,8,Electricity Net Generation From Wood, All Sectors,Million Kilowatthours
WDETPUS,197612,30.209,8,Electricity Net Generation From Wood, All Sectors,Million Kilowatthours
WDETPUS,197613,84.386,8,Electricity Net Generation From Wood, All Sectors,Million Kilowatthours
WDETPUS,197701,35.268,8,Electricity Net Generation From Wood, All Sectors,Million Kilowatthours
WDETPUS,197702,39.087,8,Electricity Net Generation From Wood, All Sectors,Million Kilowatthours
WDETPUS,197703,35.02,8,Electricity Net Generation From Wood, All Sectors,Million Kilowatthours
WDETPUS,197704,31.562,8,Electricity Net Generation From Wood, All Sectors,Million Kilowatthours
WDETPUS,197705,31.192,8,Electricity Net Generation From Wood, All Sectors,Million Kilowatthours
WDETPUS,197706,30.069,8,Electricity Net Generation From Wood, All Sectors,Million Kilowatthours
WDETPUS,197707,3.421,8,Electricity Net Generation From Wood, All Sectors,Million Kilowatthours
WDETPUS,197708,19.466,8,Electricity Net Generation From Wood, All Sectors,Million Kilowatthours
WDETPUS,197709,24.439,8,Electricity Net Generation From Wood, All Sectors,Million Kilowatthours
WDETPUS,197710,27.979,8,Electricity Net Generation From Wood, All Sectors,Million Kilowatthours
WDETPUS,197711,19.617,8,Electricity Net Generation From Wood, All Sectors,Million Kilowatthours
WDETPUS,197712,10.515,8,Electricity Net Generation From Wood, All Sectors,Million Kilowatthours
WDETPUS,197713,307.634,8,Electricity Net Generation From Wood, All Sectors,Million Kilowatthours
WDETPUS,197801,23.622,8,Electricity Net Generation From Wood, All Sectors,Million Kilowatthours
WDETPUS,197802,22.747,8,Electricity Net Generation From Wood, All Sectors,Million Kilowatthours
WDETPUS,197803,25.683,8,Electricity Net Generation From Wood, All Sectors,Million Kilowatthours
WDETPUS,197804,5.501,8,Electricity Net Generation From Wood, All Sectors,Million Kilowatthours
WDETPUS,197805,4.506,8,Electricity Net Generation From Wood, All Sectors,Million Kilowatthours
WDETPUS,197806,5.058,8,Electricity Net Generation From Wood, All Sectors,Million Kilowatthours
WDETPUS,197807,6.308,8,Electricity Net Generation From Wood, All Sectors,Million Kilowatthours
WDETPUS,197808,24.018,8,Electricity Net Generation From Wood, All Sectors,Million Kilowatthours
WDETPUS,197809,12.896,8,Electricity Net Generation From Wood, All Sectors,Million Kilowatthours
WDETPUS,197810,25.758,8,Electricity Net Generation From Wood, All Sectors,Million Kilowatthours
WDETPUS,197811,24.228,8,Electricity Net Generation From Wood, All Sectors,Million Kilowatthours
WDETPUS,197812,16.868,8,Electricity Net Generation From Wood, All Sectors,Million Kilowatthours
WDETPUS,197813,197.193,8,Electricity Net Generation From Wood, All Sectors,Million Kilowatthours
WDETPUS,197901,12.201,8,Electricity Net Generation From Wood, All Sectors,Million Kilowatthours
WDETPUS,197902,23.648,8,Electricity Net Generation From Wood, All Sectors,Million Kilowatthours
WDETPUS,197903,30.272,8,Electricity Net Generation From Wood, All Sectors,Million Kilowatthours
WDETPUS,197904,25.243,8,Electricity Net Generation From Wood, All Sectors,Million Kilowatthours
WDETPUS,197905,22.626,8,Electricity Net Generation From Wood, All Sectors,Million Kilowatthours
WDETPUS,197906,20.957,8,Electricity Net Generation From Wood, All Sectors,Million Kilowatthours
WDETPUS,197907,20.175,8,Electricity Net Generation From Wood, All Sectors,Million Kilowatthours
WDETPUS,197908,30.048,8,Electricity Net Generation From Wood, All Sectors,Million Kilowatthours
WDETPUS,197909,31.004,8,Electricity Net Generation From Wood, All Sectors,Million Kilowatthours
WDETPUS,197910,29.302,8,Electricity Net Generation From Wood, All Sectors,Million Kilowatthours
WDETPUS,197911,31.079,8,Electricity Net Generation From Wood, All Sectors,Million Kilowatthours
WDETPUS,197912,23.304,8,Electricity Net Generation From Wood, All Sectors,Million Kilowatthours
WDETPUS,197913,299.859,8,Electricity Net Generation From Wood, All Sectors,Million Kilowatthours
WDETPUS,198001,30.867,8,Electricity Net Generation From Wood, All Sectors,Million Kilowatthours
WDETPUS,198002,31.482,8,Electricity Net Generation From Wood, All Sectors,Million Kilowatthours
WDETPUS,198003,29.39,8,Electricity Net Generation From Wood, All Sectors,Million Kilowatthours
WDETPUS,198004,21.841,8,Electricity Net Generation From Wood, All Sectors,Million Kilowatthours
WDETPUS,198005,9.782,8,Electricity Net Generation From Wood, All Sectors,Million Kilowatthours
WDETPUS,198006,6.572,8,Electricity Net Generation From Wood, All Sectors,Million Kilowatthours
WDETPUS,198007,15.032,8,Electricity Net Generation From Wood, All Sectors,Million Kilowatthours
WDETPUS,198008,24.25,8,Electricity Net Generation From Wood, All Sectors,Million Kilowatthours
WDETPUS,198009,23.997,8,Electricity Net Generation From Wood, All Sectors,Million Kilowatthours
WDETPUS,198010,29.809,8,Electricity Net Generation From Wood, All Sectors,Million Kilowatthours
WDETPUS,198011,27.882,8,Electricity Net Generation From Wood, All Sectors,Million Kilowatthours
WDETPUS,198012,24.462,8,Electricity Net Generation From Wood, All Sectors,Million Kilowatthours
WDETPUS,198013,275.366,8,Electricity Net Generation From Wood, All Sectors,Million Kilowatthours
WDETPUS,198101,24.316,8,Electricity Net Generation From Wood, All Sectors,Million Kilowatthours
WDETPUS,198102,27.208,8,Electricity Net Generation From Wood, All Sectors,Million Kilowatthours
WDETPUS,198103,29.436,8,Electricity Net Generation From Wood, All Sectors,Million Kilowatthours
WDETPUS,198104,27.823,8,Electricity Net Generation From Wood, All Sectors,Million Kilowatthours
WDETPUS,198105,14.228,8,Electricity Net Generation From Wood, All Sectors,Million Kilowatthours
WDETPUS,198106,6.86,8,Electricity Net Generation From Wood, All Sectors,Million Kilowatthours
WDETPUS,198107,9.957,8,Electricity Net Generation From Wood, All Sectors,Million Kilowatthours
WDETPUS,198108,10.736,8,Electricity Net Generation From Wood, All Sectors,Million Kilowatthours
WDETPUS,198109,23.321,8,Electricity Net Generation From Wood, All Sectors,Million Kilowatthours
WDETPUS,198110,25.808,8,Electricity Net Generation From Wood, All Sectors,Million Kilowatthours
WDETPUS,198111,25.044,8,Electricity Net Generation From Wood, All Sectors,Million Kilowatthours
WDETPUS,198112,20.464,8,Electricity Net Generation From Wood, All Sectors,Million Kilowatthours
WDETPUS,198113,245.201,8,Electricity Net Generation From Wood, All Sectors,Million Kilowatthours
WDETPUS,198201,18.831,8,Electricity Net Generation From Wood, All Sectors,Million Kilowatthours
WDETPUS,198202,19.505,8,Electricity Net Generation From Wood, All Sectors,Million Kilowatthours
WDETPUS,198203,11.849,8,Electricity Net Generation From Wood, All Sectors,Million Kilowatthours
WDETPUS,198204,9.816,8,Electricity Net Generation From Wood, All Sectors,Million Kilowatthours
WDETPUS,198205,8.875,8,Electricity Net Generation From Wood, All Sectors,Million Kilowatthours
WDETPUS,198206,11.244,8,Electricity Net Generation From Wood, All Sectors,Million Kilowatthours
WDETPUS,198207,13.15,8,Electricity Net Generation From Wood, All Sectors,Million Kilowatthours
WDETPUS,198208,14.372,8,Electricity Net Generation From Wood, All Sectors,Million Kilowatthours
WDETPUS,198209,21.737,8,Electricity Net Generation From Wood, All Sectors,Million Kilowatthours
WDETPUS,198210,30.99,8,Electricity Net Generation From Wood, All Sectors,Million Kilowatthours
WDETPUS,198211,20.135,8,Electricity Net Generation From Wood, All Sectors,Million Kilowatthours
WDETPUS,198212,15.435,8,Electricity Net Generation From Wood, All Sectors,Million Kilowatthours
WDETPUS,198213,195.94,8,Electricity Net Generation From Wood, All Sectors,Million Kilowatthours
WDETPUS,198301,13.293,8,Electricity Net Generation From Wood, All Sectors,Million Kilowatthours
WDETPUS,198302,12.152,8,Electricity Net Generation From Wood, All Sectors,Million Kilowatthours
WDETPUS,198303,14.433,8,Electricity Net Generation From Wood, All Sectors,Million Kilowatthours
WDETPUS,198304,11.618,8,Electricity Net Generation From Wood, All Sectors,Million Kilowatthours
WDETPUS,198305,10.56,8,Electricity Net Generation From Wood, All Sectors,Million Kilowatthours
WDETPUS,198306,13.661,8,Electricity Net Generation From Wood, All Sectors,Million Kilowatthours
WDETPUS,198307,13.99,8,Electricity Net Generation From Wood, All Sectors,Million Kilowatthours
WDETPUS,198308,18.181,8,Electricity Net Generation From Wood, All Sectors,Million Kilowatthours
WDETPUS,198309,19.309,8,Electricity Net Generation From Wood, All Sectors,Million Kilowatthours
WDETPUS,198310,23.245,8,Electricity Net Generation From Wood, All Sectors,Million Kilowatthours
WDETPUS,198311,26.657,8,Electricity Net Generation From Wood, All Sectors,Million Kilowatthours
WDETPUS,198312,38.767,8,Electricity Net Generation From Wood, All Sectors,Million Kilowatthours
WDETPUS,198313,215.867,8,Electricity Net Generation From Wood, All Sectors,Million Kilowatthours
WDETPUS,198401,45.15,8,Electricity Net Generation From Wood, All Sectors,Million Kilowatthours
WDETPUS,198402,23.417,8,Electricity Net Generation From Wood, All Sectors,Million Kilowatthours
WDETPUS,198403,28.649,8,Electricity Net Generation From Wood, All Sectors,Million Kilowatthours
WDETPUS,198404,14.401,8,Electricity Net Generation From Wood, All Sectors,Million Kilowatthours
WDETPUS,198405,15.569,8,Electricity Net Generation From Wood, All Sectors,Million Kilowatthours
WDETPUS,198406,15.275,8,Electricity Net Generation From Wood, All Sectors,Million Kilowatthours
WDETPUS,198407,36.274,8,Electricity Net Generation From Wood, All Sectors,Million Kilowatthours
WDETPUS,198408,38.495,8,Electricity Net Generation From Wood, All Sectors,Million Kilowatthours
WDETPUS,198409,43.654,8,Electricity Net Generation From Wood, All Sectors,Million Kilowatthours
WDETPUS,198410,53.737,8,Electricity Net Generation From Wood, All Sectors,Million Kilowatthours
WDETPUS,198411,76.675,8,Electricity Net Generation From Wood, All Sectors,Million Kilowatthours
WDETPUS,198412,70.113,8,Electricity Net Generation From Wood, All Sectors,Million Kilowatthours
WDETPUS,198413,461.411,8,Electricity Net Generation From Wood, All Sectors,Million Kilowatthours
WDETPUS,198501,82.597,8,Electricity Net Generation From Wood, All Sectors,Million Kilowatthours
WDETPUS,198502,74.844,8,Electricity Net Generation From Wood, All Sectors,Million Kilowatthours
WDETPUS,198503,80.633,8,Electricity Net Generation From Wood, All Sectors,Million Kilowatthours
WDETPUS,198504,25.963,8,Electricity Net Generation From Wood, All Sectors,Million Kilowatthours
WDETPUS,198505,31.256,8,Electricity Net Generation From Wood, All Sectors,Million Kilowatthours
WDETPUS,198506,26.683,8,Electricity Net Generation From Wood, All Sectors,Million Kilowatthours
WDETPUS,198507,53.538,8,Electricity Net Generation From Wood, All Sectors,Million Kilowatthours
WDETPUS,198508,71.265,8,Electricity Net Generation From Wood, All Sectors,Million Kilowatthours
WDETPUS,198509,77.939,8,Electricity Net Generation From Wood, All Sectors,Million Kilowatthours
WDETPUS,198510,72.286,8,Electricity Net Generation From Wood, All Sectors,Million Kilowatthours
WDETPUS,198511,73.695,8,Electricity Net Generation From Wood, All Sectors,Million Kilowatthours
WDETPUS,198512,72.595,8,Electricity Net Generation From Wood, All Sectors,Million Kilowatthours
WDETPUS,198513,743.294,8,Electricity Net Generation From Wood, All Sectors,Million Kilowatthours
WDETPUS,198601,64.133,8,Electricity Net Generation From Wood, All Sectors,Million Kilowatthours
WDETPUS,198602,36.611,8,Electricity Net Generation From Wood, All Sectors,Million Kilowatthours
WDETPUS,198603,20.004,8,Electricity Net Generation From Wood, All Sectors,Million Kilowatthours
WDETPUS,198604,19.908,8,Electricity Net Generation From Wood, All Sectors,Million Kilowatthours
WDETPUS,198605,24.295,8,Electricity Net Generation From Wood, All Sectors,Million Kilowatthours
WDETPUS,198606,26.723,8,Electricity Net Generation From Wood, All Sectors,Million Kilowatthours
WDETPUS,198607,40.96,8,Electricity Net Generation From Wood, All Sectors,Million Kilowatthours
WDETPUS,198608,56.503,8,Electricity Net Generation From Wood, All Sectors,Million Kilowatthours
WDETPUS,198609,51.188,8,Electricity Net Generation From Wood, All Sectors,Million Kilowatthours
WDETPUS,198610,38.668,8,Electricity Net Generation From Wood, All Sectors,Million Kilowatthours
WDETPUS,198611,46.194,8,Electricity Net Generation From Wood, All Sectors,Million Kilowatthours
WDETPUS,198612,66.323,8,Electricity Net Generation From Wood, All Sectors,Million Kilowatthours
WDETPUS,198613,491.509,8,Electricity Net Generation From Wood, All Sectors,Million Kilowatthours
WDETPUS,198701,64.23,8,Electricity Net Generation From Wood, All Sectors,Million Kilowatthours
WDETPUS,198702,57.114,8,Electricity Net Generation From Wood, All Sectors,Million Kilowatthours
WDETPUS,198703,58.599,8,Electricity Net Generation From Wood, All Sectors,Million Kilowatthours
WDETPUS,198704,45.401,8,Electricity Net Generation From Wood, All Sectors,Million Kilowatthours
WDETPUS,198705,46.379,8,Electricity Net Generation From Wood, All Sectors,Million Kilowatthours
WDETPUS,198706,78.229,8,Electricity Net Generation From Wood, All Sectors,Million Kilowatthours
WDETPUS,198707,79.441,8,Electricity Net Generation From Wood, All Sectors,Million Kilowatthours
WDETPUS,198708,82.344,8,Electricity Net Generation From Wood, All Sectors,Million Kilowatthours
WDETPUS,198709,70.933,8,Electricity Net Generation From Wood, All Sectors,Million Kilowatthours
WDETPUS,198710,58.104,8,Electricity Net Generation From Wood, All Sectors,Million Kilowatthours
WDETPUS,198711,65.425,8,Electricity Net Generation From Wood, All Sectors,Million Kilowatthours
WDETPUS,198712,76.889,8,Electricity Net Generation From Wood, All Sectors,Million Kilowatthours
WDETPUS,198713,783.088,8,Electricity Net Generation From Wood, All Sectors,Million Kilowatthours
WDETPUS,198801,91.493,8,Electricity Net Generation From Wood, All Sectors,Million Kilowatthours
WDETPUS,198802,82.293,8,Electricity Net Generation From Wood, All Sectors,Million Kilowatthours
WDETPUS,198803,89.832,8,Electricity Net Generation From Wood, All Sectors,Million Kilowatthours
WDETPUS,198804,68.986,8,Electricity Net Generation From Wood, All Sectors,Million Kilowatthours
WDETPUS,198805,38.89,8,Electricity Net Generation From Wood, All Sectors,Million Kilowatthours
WDETPUS,198806,80.642,8,Electricity Net Generation From Wood, All Sectors,Million Kilowatthours
WDETPUS,198807,82.193,8,Electricity Net Generation From Wood, All Sectors,Million Kilowatthours
WDETPUS,198808,96.023,8,Electricity Net Generation From Wood, All Sectors,Million Kilowatthours
WDETPUS,198809,78.313,8,Electricity Net Generation From Wood, All Sectors,Million Kilowatthours
WDETPUS,198810,75.019,8,Electricity Net Generation From Wood, All Sectors,Million Kilowatthours
WDETPUS,198811,75.64,8,Electricity Net Generation From Wood, All Sectors,Million Kilowatthours
WDETPUS,198812,76.661,8,Electricity Net Generation From Wood, All Sectors,Million Kilowatthours
WDETPUS,198813,935.986,8,Electricity Net Generation From Wood, All Sectors,Million Kilowatthours
WDETPUS,198901,2408.295,8,Electricity Net Generation From Wood, All Sectors,Million Kilowatthours
WDETPUS,198902,2240.783,8,Electricity Net Generation From Wood, All Sectors,Million Kilowatthours
WDETPUS,198903,2552.216,8,Electricity Net Generation From Wood, All Sectors,Million Kilowatthours
WDETPUS,198904,2186.853,8,Electricity Net Generation From Wood, All Sectors,Million Kilowatthours
WDETPUS,198905,1600.914,8,Electricity Net Generation From Wood, All Sectors,Million Kilowatthours
WDETPUS,198906,1925.734,8,Electricity Net Generation From Wood, All Sectors,Million Kilowatthours
WDETPUS,198907,2043.404,8,Electricity Net Generation From Wood, All Sectors,Million Kilowatthours
WDETPUS,198908,2485.638,8,Electricity Net Generation From Wood, All Sectors,Million Kilowatthours
WDETPUS,198909,2244.888,8,Electricity Net Generation From Wood, All Sectors,Million Kilowatthours
WDETPUS,198910,2390.325,8,Electricity Net Generation From Wood, All Sectors,Million Kilowatthours
WDETPUS,198911,2540.017,8,Electricity Net Generation From Wood, All Sectors,Million Kilowatthours
WDETPUS,198912,2617.599,8,Electricity Net Generation From Wood, All Sectors,Million Kilowatthours
WDETPUS,198913,27236.668,8,Electricity Net Generation From Wood, All Sectors,Million Kilowatthours
WDETPUS,199001,2896.531,8,Electricity Net Generation From Wood, All Sectors,Million Kilowatthours
WDETPUS,199002,2927.803,8,Electricity Net Generation From Wood, All Sectors,Million Kilowatthours
WDETPUS,199003,3055.942,8,Electricity Net Generation From Wood, All Sectors,Million Kilowatthours
WDETPUS,199004,2880.474,8,Electricity Net Generation From Wood, All Sectors,Million Kilowatthours
WDETPUS,199005,2207.304,8,Electricity Net Generation From Wood, All Sectors,Million Kilowatthours
WDETPUS,199006,1450.112,8,Electricity Net Generation From Wood, All Sectors,Million Kilowatthours
WDETPUS,199007,2461.534,8,Electricity Net Generation From Wood, All Sectors,Million Kilowatthours
WDETPUS,199008,3104.637,8,Electricity Net Generation From Wood, All Sectors,Million Kilowatthours
WDETPUS,199009,3034.345,8,Electricity Net Generation From Wood, All Sectors,Million Kilowatthours
WDETPUS,199010,2818.893,8,Electricity Net Generation From Wood, All Sectors,Million Kilowatthours
WDETPUS,199011,2555.912,8,Electricity Net Generation From Wood, All Sectors,Million Kilowatthours
WDETPUS,199012,3128.402,8,Electricity Net Generation From Wood, All Sectors,Million Kilowatthours
WDETPUS,199013,32521.889,8,Electricity Net Generation From Wood, All Sectors,Million Kilowatthours
WDETPUS,199101,3809.142,8,Electricity Net Generation From Wood, All Sectors,Million Kilowatthours
WDETPUS,199102,2355.738,8,Electricity Net Generation From Wood, All Sectors,Million Kilowatthours
WDETPUS,199103,2241.628,8,Electricity Net Generation From Wood, All Sectors,Million Kilowatthours
WDETPUS,199104,1661.777,8,Electricity Net Generation From Wood, All Sectors,Million Kilowatthours
WDETPUS,199105,1975.049,8,Electricity Net Generation From Wood, All Sectors,Million Kilowatthours
WDETPUS,199106,2207.644,8,Electricity Net Generation From Wood, All Sectors,Million Kilowatthours
WDETPUS,199107,2168.64,8,Electricity Net Generation From Wood, All Sectors,Million Kilowatthours
WDETPUS,199108,3252.085,8,Electricity Net Generation From Wood, All Sectors,Million Kilowatthours
WDETPUS,199109,3860.625,8,Electricity Net Generation From Wood, All Sectors,Million Kilowatthours
WDETPUS,199110,3316.047,8,Electricity Net Generation From Wood, All Sectors,Million Kilowatthours
WDETPUS,199111,3111.313,8,Electricity Net Generation From Wood, All Sectors,Million Kilowatthours
WDETPUS,199112,3765.671,8,Electricity Net Generation From Wood, All Sectors,Million Kilowatthours
WDETPUS,199113,33725.358,8,Electricity Net Generation From Wood, All Sectors,Million Kilowatthours
WDETPUS,199201,3914.646,8,Electricity Net Generation From Wood, All Sectors,Million Kilowatthours
WDETPUS,199202,2776.58,8,Electricity Net Generation From Wood, All Sectors,Million Kilowatthours
WDETPUS,199203,2354.783,8,Electricity Net Generation From Wood, All Sectors,Million Kilowatthours
WDETPUS,199204,2233.63,8,Electricity Net Generation From Wood, All Sectors,Million Kilowatthours
WDETPUS,199205,1427.616,8,Electricity Net Generation From Wood, All Sectors,Million Kilowatthours
WDETPUS,199206,2694.44,8,Electricity Net Generation From Wood, All Sectors,Million Kilowatthours
WDETPUS,199207,3101.474,8,Electricity Net Generation From Wood, All Sectors,Million Kilowatthours
WDETPUS,199208,3663.035,8,Electricity Net Generation From Wood, All Sectors,Million Kilowatthours
WDETPUS,199209,3270.9,8,Electricity Net Generation From Wood, All Sectors,Million Kilowatthours
WDETPUS,199210,3741.686,8,Electricity Net Generation From Wood, All Sectors,Million Kilowatthours
WDETPUS,199211,3862.213,8,Electricity Net Generation From Wood, All Sectors,Million Kilowatthours
WDETPUS,199212,3487.659,8,Electricity Net Generation From Wood, All Sectors,Million Kilowatthours
WDETPUS,199213,36528.662,8,Electricity Net Generation From Wood, All Sectors,Million Kilowatthours
WDETPUS,199301,3793.371,8,Electricity Net Generation From Wood, All Sectors,Million Kilowatthours
WDETPUS,199302,3383.151,8,Electricity Net Generation From Wood, All Sectors,Million Kilowatthours
WDETPUS,199303,3495.66,8,Electricity Net Generation From Wood, All Sectors,Million Kilowatthours
WDETPUS,199304,2827.753,8,Electricity Net Generation From Wood, All Sectors,Million Kilowatthours
WDETPUS,199305,1746.329,8,Electricity Net Generation From Wood, All Sectors,Million Kilowatthours
WDETPUS,199306,1871.602,8,Electricity Net Generation From Wood, All Sectors,Million Kilowatthours
WDETPUS,199307,2259.675,8,Electricity Net Generation From Wood, All Sectors,Million Kilowatthours
WDETPUS,199308,3859.811,8,Electricity Net Generation From Wood, All Sectors,Million Kilowatthours
WDETPUS,199309,3427.191,8,Electricity Net Generation From Wood, All Sectors,Million Kilowatthours
WDETPUS,199310,3511.72,8,Electricity Net Generation From Wood, All Sectors,Million Kilowatthours
WDETPUS,199311,3771.985,8,Electricity Net Generation From Wood, All Sectors,Million Kilowatthours
WDETPUS,199312,3675.157,8,Electricity Net Generation From Wood, All Sectors,Million Kilowatthours
WDETPUS,199313,37623.407,8,Electricity Net Generation From Wood, All Sectors,Million Kilowatthours
WDETPUS,199401,4725.823,8,Electricity Net Generation From Wood, All Sectors,Million Kilowatthours
WDETPUS,199402,3338.052,8,Electricity Net Generation From Wood, All Sectors,Million Kilowatthours
WDETPUS,199403,3363.752,8,Electricity Net Generation From Wood, All Sectors,Million Kilowatthours
WDETPUS,199404,2906.123,8,Electricity Net Generation From Wood, All Sectors,Million Kilowatthours
WDETPUS,199405,1702.614,8,Electricity Net Generation From Wood, All Sectors,Million Kilowatthours
WDETPUS,199406,2184.95,8,Electricity Net Generation From Wood, All Sectors,Million Kilowatthours
WDETPUS,199407,3735.55,8,Electricity Net Generation From Wood, All Sectors,Million Kilowatthours
WDETPUS,199408,3114.001,8,Electricity Net Generation From Wood, All Sectors,Million Kilowatthours
WDETPUS,199409,2845.446,8,Electricity Net Generation From Wood, All Sectors,Million Kilowatthours
WDETPUS,199410,3550.346,8,Electricity Net Generation From Wood, All Sectors,Million Kilowatthours
WDETPUS,199411,3327.088,8,Electricity Net Generation From Wood, All Sectors,Million Kilowatthours
WDETPUS,199412,3143.619,8,Electricity Net Generation From Wood, All Sectors,Million Kilowatthours
WDETPUS,199413,37937.364,8,Electricity Net Generation From Wood, All Sectors,Million Kilowatthours
WDETPUS,199501,2583.262,8,Electricity Net Generation From Wood, All Sectors,Million Kilowatthours
WDETPUS,199502,2009.659,8,Electricity Net Generation From Wood, All Sectors,Million Kilowatthours
WDETPUS,199503,2591.337,8,Electricity Net Generation From Wood, All Sectors,Million Kilowatthours
WDETPUS,199504,3196.259,8,Electricity Net Generation From Wood, All Sectors,Million Kilowatthours
WDETPUS,199505,2399.732,8,Electricity Net Generation From Wood, All Sectors,Million Kilowatthours
WDETPUS,199506,2213.492,8,Electricity Net Generation From Wood, All Sectors,Million Kilowatthours
WDETPUS,199507,3967.812,8,Electricity Net Generation From Wood, All Sectors,Million Kilowatthours
WDETPUS,199508,4131.674,8,Electricity Net Generation From Wood, All Sectors,Million Kilowatthours
WDETPUS,199509,3356.834,8,Electricity Net Generation From Wood, All Sectors,Million Kilowatthours
WDETPUS,199510,3793.337,8,Electricity Net Generation From Wood, All Sectors,Million Kilowatthours
WDETPUS,199511,3234.788,8,Electricity Net Generation From Wood, All Sectors,Million Kilowatthours
WDETPUS,199512,3042.895,8,Electricity Net Generation From Wood, All Sectors,Million Kilowatthours
WDETPUS,199513,36521.082,8,Electricity Net Generation From Wood, All Sectors,Million Kilowatthours
WDETPUS,199601,3353.357,8,Electricity Net Generation From Wood, All Sectors,Million Kilowatthours
WDETPUS,199602,2290.232,8,Electricity Net Generation From Wood, All Sectors,Million Kilowatthours
WDETPUS,199603,2855.809,8,Electricity Net Generation From Wood, All Sectors,Million Kilowatthours
WDETPUS,199604,1689.402,8,Electricity Net Generation From Wood, All Sectors,Million Kilowatthours
WDETPUS,199605,2331.974,8,Electricity Net Generation From Wood, All Sectors,Million Kilowatthours
WDETPUS,199606,2950.78,8,Electricity Net Generation From Wood, All Sectors,Million Kilowatthours
WDETPUS,199607,3504.264,8,Electricity Net Generation From Wood, All Sectors,Million Kilowatthours
WDETPUS,199608,4048.13,8,Electricity Net Generation From Wood, All Sectors,Million Kilowatthours
WDETPUS,199609,3053.269,8,Electricity Net Generation From Wood, All Sectors,Million Kilowatthours
WDETPUS,199610,4033.749,8,Electricity Net Generation From Wood, All Sectors,Million Kilowatthours
WDETPUS,199611,3825.691,8,Electricity Net Generation From Wood, All Sectors,Million Kilowatthours
WDETPUS,199612,2863.653,8,Electricity Net Generation From Wood, All Sectors,Million Kilowatthours
WDETPUS,199613,36800.31,8,Electricity Net Generation From Wood, All Sectors,Million Kilowatthours
WDETPUS,199701,3618.223,8,Electricity Net Generation From Wood, All Sectors,Million Kilowatthours
WDETPUS,199702,2516.003,8,Electricity Net Generation From Wood, All Sectors,Million Kilowatthours
WDETPUS,199703,2869.299,8,Electricity Net Generation From Wood, All Sectors,Million Kilowatthours
WDETPUS,199704,2904.384,8,Electricity Net Generation From Wood, All Sectors,Million Kilowatthours
WDETPUS,199705,3124.838,8,Electricity Net Generation From Wood, All Sectors,Million Kilowatthours
WDETPUS,199706,2451.681,8,Electricity Net Generation From Wood, All Sectors,Million Kilowatthours
WDETPUS,199707,2992.046,8,Electricity Net Generation From Wood, All Sectors,Million Kilowatthours
WDETPUS,199708,3215.398,8,Electricity Net Generation From Wood, All Sectors,Million Kilowatthours
WDETPUS,199709,2992.895,8,Electricity Net Generation From Wood, All Sectors,Million Kilowatthours
WDETPUS,199710,4149.441,8,Electricity Net Generation From Wood, All Sectors,Million Kilowatthours
WDETPUS,199711,3271.923,8,Electricity Net Generation From Wood, All Sectors,Million Kilowatthours
WDETPUS,199712,2842.311,8,Electricity Net Generation From Wood, All Sectors,Million Kilowatthours
WDETPUS,199713,36948.441,8,Electricity Net Generation From Wood, All Sectors,Million Kilowatthours
WDETPUS,199801,3964.038,8,Electricity Net Generation From Wood, All Sectors,Million Kilowatthours
WDETPUS,199802,2539.567,8,Electricity Net Generation From Wood, All Sectors,Million Kilowatthours
WDETPUS,199803,2924.417,8,Electricity Net Generation From Wood, All Sectors,Million Kilowatthours
WDETPUS,199804,2947.403,8,Electricity Net Generation From Wood, All Sectors,Million Kilowatthours
WDETPUS,199805,3116.387,8,Electricity Net Generation From Wood, All Sectors,Million Kilowatthours
WDETPUS,199806,1618.008,8,Electricity Net Generation From Wood, All Sectors,Million Kilowatthours
WDETPUS,199807,3060.514,8,Electricity Net Generation From Wood, All Sectors,Million Kilowatthours
WDETPUS,199808,3254.707,8,Electricity Net Generation From Wood, All Sectors,Million Kilowatthours
WDETPUS,199809,3174.13,8,Electricity Net Generation From Wood, All Sectors,Million Kilowatthours
WDETPUS,199810,3530.69,8,Electricity Net Generation From Wood, All Sectors,Million Kilowatthours
WDETPUS,199811,2765.586,8,Electricity Net Generation From Wood, All Sectors,Million Kilowatthours
WDETPUS,199812,3442.939,8,Electricity Net Generation From Wood, All Sectors,Million Kilowatthours
WDETPUS,199813,36338.384,8,Electricity Net Generation From Wood, All Sectors,Million Kilowatthours
WDETPUS,199901,3774.353,8,Electricity Net Generation From Wood, All Sectors,Million Kilowatthours
WDETPUS,199902,2635.994,8,Electricity Net Generation From Wood, All Sectors,Million Kilowatthours
WDETPUS,199903,2101.248,8,Electricity Net Generation From Wood, All Sectors,Million Kilowatthours
WDETPUS,199904,3086.823,8,Electricity Net Generation From Wood, All Sectors,Million Kilowatthours
WDETPUS,199905,4080.301,8,Electricity Net Generation From Wood, All Sectors,Million Kilowatthours
WDETPUS,199906,2823.05,8,Electricity Net Generation From Wood, All Sectors,Million Kilowatthours
WDETPUS,199907,3581.451,8,Electricity Net Generation From Wood, All Sectors,Million Kilowatthours
WDETPUS,199908,3411.936,8,Electricity Net Generation From Wood, All Sectors,Million Kilowatthours
WDETPUS,199909,3042.048,8,Electricity Net Generation From Wood, All Sectors,Million Kilowatthours
WDETPUS,199910,2498.423,8,Electricity Net Generation From Wood, All Sectors,Million Kilowatthours
WDETPUS,199911,3324.716,8,Electricity Net Generation From Wood, All Sectors,Million Kilowatthours
WDETPUS,199912,2680.39,8,Electricity Net Generation From Wood, All Sectors,Million Kilowatthours
WDETPUS,199913,37040.734,8,Electricity Net Generation From Wood, All Sectors,Million Kilowatthours
WDETPUS,200001,2343.487,8,Electricity Net Generation From Wood, All Sectors,Million Kilowatthours
WDETPUS,200002,3143.72,8,Electricity Net Generation From Wood, All Sectors,Million Kilowatthours
WDETPUS,200003,3297.273,8,Electricity Net Generation From Wood, All Sectors,Million Kilowatthours
WDETPUS,200004,3127.404,8,Electricity Net Generation From Wood, All Sectors,Million Kilowatthours
WDETPUS,200005,2978.414,8,Electricity Net Generation From Wood, All Sectors,Million Kilowatthours
WDETPUS,200006,2600.356,8,Electricity Net Generation From Wood, All Sectors,Million Kilowatthours
WDETPUS,200007,3177.157,8,Electricity Net Generation From Wood, All Sectors,Million Kilowatthours
WDETPUS,200008,3267.807,8,Electricity Net Generation From Wood, All Sectors,Million Kilowatthours
WDETPUS,200009,2955.604,8,Electricity Net Generation From Wood, All Sectors,Million Kilowatthours
WDETPUS,200010,3581.407,8,Electricity Net Generation From Wood, All Sectors,Million Kilowatthours
WDETPUS,200011,3501.598,8,Electricity Net Generation From Wood, All Sectors,Million Kilowatthours
WDETPUS,200012,3620.64,8,Electricity Net Generation From Wood, All Sectors,Million Kilowatthours
WDETPUS,200013,37594.866,8,Electricity Net Generation From Wood, All Sectors,Million Kilowatthours
WDETPUS,200101,3191.212,8,Electricity Net Generation From Wood, All Sectors,Million Kilowatthours
WDETPUS,200102,2697.151,8,Electricity Net Generation From Wood, All Sectors,Million Kilowatthours
WDETPUS,200103,2852.54,8,Electricity Net Generation From Wood, All Sectors,Million Kilowatthours
WDETPUS,200104,2821.007,8,Electricity Net Generation From Wood, All Sectors,Million Kilowatthours
WDETPUS,200105,2739.933,8,Electricity Net Generation From Wood, All Sectors,Million Kilowatthours
WDETPUS,200106,2891.025,8,Electricity Net Generation From Wood, All Sectors,Million Kilowatthours
WDETPUS,200107,3053.179,8,Electricity Net Generation From Wood, All Sectors,Million Kilowatthours
WDETPUS,200108,3178.69,8,Electricity Net Generation From Wood, All Sectors,Million Kilowatthours
WDETPUS,200109,2874.169,8,Electricity Net Generation From Wood, All Sectors,Million Kilowatthours
WDETPUS,200110,3046.466,8,Electricity Net Generation From Wood, All Sectors,Million Kilowatthours
WDETPUS,200111,2879.107,8,Electricity Net Generation From Wood, All Sectors,Million Kilowatthours
WDETPUS,200112,2975.426,8,Electricity Net Generation From Wood, All Sectors,Million Kilowatthours
WDETPUS,200113,35199.905,8,Electricity Net Generation From Wood, All Sectors,Million Kilowatthours
WDETPUS,200201,3255.322,8,Electricity Net Generation From Wood, All Sectors,Million Kilowatthours
WDETPUS,200202,2843.961,8,Electricity Net Generation From Wood, All Sectors,Million Kilowatthours
WDETPUS,200203,2960.789,8,Electricity Net Generation From Wood, All Sectors,Million Kilowatthours
WDETPUS,200204,3196.346,8,Electricity Net Generation From Wood, All Sectors,Million Kilowatthours
WDETPUS,200205,3161.186,8,Electricity Net Generation From Wood, All Sectors,Million Kilowatthours
WDETPUS,200206,3395.489,8,Electricity Net Generation From Wood, All Sectors,Million Kilowatthours
WDETPUS,200207,3440.226,8,Electricity Net Generation From Wood, All Sectors,Million Kilowatthours
WDETPUS,200208,3369.114,8,Electricity Net Generation From Wood, All Sectors,Million Kilowatthours
WDETPUS,200209,3312.989,8,Electricity Net Generation From Wood, All Sectors,Million Kilowatthours
WDETPUS,200210,3345.97,8,Electricity Net Generation From Wood, All Sectors,Million Kilowatthours
WDETPUS,200211,3161.171,8,Electricity Net Generation From Wood, All Sectors,Million Kilowatthours
WDETPUS,200212,3222.474,8,Electricity Net Generation From Wood, All Sectors,Million Kilowatthours
WDETPUS,200213,38665.037,8,Electricity Net Generation From Wood, All Sectors,Million Kilowatthours
WDETPUS,200301,3269.296,8,Electricity Net Generation From Wood, All Sectors,Million Kilowatthours
WDETPUS,200302,2904.744,8,Electricity Net Generation From Wood, All Sectors,Million Kilowatthours
WDETPUS,200303,3080.075,8,Electricity Net Generation From Wood, All Sectors,Million Kilowatthours
WDETPUS,200304,3035.914,8,Electricity Net Generation From Wood, All Sectors,Million Kilowatthours
WDETPUS,200305,2928.286,8,Electricity Net Generation From Wood, All Sectors,Million Kilowatthours
WDETPUS,200306,3027.764,8,Electricity Net Generation From Wood, All Sectors,Million Kilowatthours
WDETPUS,200307,3361.135,8,Electricity Net Generation From Wood, All Sectors,Million Kilowatthours
WDETPUS,200308,3309.866,8,Electricity Net Generation From Wood, All Sectors,Million Kilowatthours
WDETPUS,200309,3079.381,8,Electricity Net Generation From Wood, All Sectors,Million Kilowatthours
WDETPUS,200310,3138.89,8,Electricity Net Generation From Wood, All Sectors,Million Kilowatthours
WDETPUS,200311,3118.975,8,Electricity Net Generation From Wood, All Sectors,Million Kilowatthours
WDETPUS,200312,3274.77,8,Electricity Net Generation From Wood, All Sectors,Million Kilowatthours
WDETPUS,200313,37529.096,8,Electricity Net Generation From Wood, All Sectors,Million Kilowatthours
WDETPUS,200401,3317.861,8,Electricity Net Generation From Wood, All Sectors,Million Kilowatthours
WDETPUS,200402,3019.538,8,Electricity Net Generation From Wood, All Sectors,Million Kilowatthours
WDETPUS,200403,3124.117,8,Electricity Net Generation From Wood, All Sectors,Million Kilowatthours
WDETPUS,200404,3091.004,8,Electricity Net Generation From Wood, All Sectors,Million Kilowatthours
WDETPUS,200405,2989.193,8,Electricity Net Generation From Wood, All Sectors,Million Kilowatthours
WDETPUS,200406,3082.529,8,Electricity Net Generation From Wood, All Sectors,Million Kilowatthours
WDETPUS,200407,3416.472,8,Electricity Net Generation From Wood, All Sectors,Million Kilowatthours
WDETPUS,200408,3317.351,8,Electricity Net Generation From Wood, All Sectors,Million Kilowatthours
WDETPUS,200409,3119.416,8,Electricity Net Generation From Wood, All Sectors,Million Kilowatthours
WDETPUS,200410,3263.623,8,Electricity Net Generation From Wood, All Sectors,Million Kilowatthours
WDETPUS,200411,3074.165,8,Electricity Net Generation From Wood, All Sectors,Million Kilowatthours
WDETPUS,200412,3301.615,8,Electricity Net Generation From Wood, All Sectors,Million Kilowatthours
WDETPUS,200413,38116.883,8,Electricity Net Generation From Wood, All Sectors,Million Kilowatthours
WDETPUS,200501,3333.076,8,Electricity Net Generation From Wood, All Sectors,Million Kilowatthours
WDETPUS,200502,3055.295,8,Electricity Net Generation From Wood, All Sectors,Million Kilowatthours
WDETPUS,200503,3287.717,8,Electricity Net Generation From Wood, All Sectors,Million Kilowatthours
WDETPUS,200504,3035.547,8,Electricity Net Generation From Wood, All Sectors,Million Kilowatthours
WDETPUS,200505,3100.697,8,Electricity Net Generation From Wood, All Sectors,Million Kilowatthours
WDETPUS,200506,3173.505,8,Electricity Net Generation From Wood, All Sectors,Million Kilowatthours
WDETPUS,200507,3417.445,8,Electricity Net Generation From Wood, All Sectors,Million Kilowatthours
WDETPUS,200508,3420.414,8,Electricity Net Generation From Wood, All Sectors,Million Kilowatthours
WDETPUS,200509,3258.783,8,Electricity Net Generation From Wood, All Sectors,Million Kilowatthours
WDETPUS,200510,3245.61,8,Electricity Net Generation From Wood, All Sectors,Million Kilowatthours
WDETPUS,200511,3189.85,8,Electricity Net Generation From Wood, All Sectors,Million Kilowatthours
WDETPUS,200512,3338.477,8,Electricity Net Generation From Wood, All Sectors,Million Kilowatthours
WDETPUS,200513,38856.417,8,Electricity Net Generation From Wood, All Sectors,Million Kilowatthours
WDETPUS,200601,3421.613,8,Electricity Net Generation From Wood, All Sectors,Million Kilowatthours
WDETPUS,200602,3051.36,8,Electricity Net Generation From Wood, All Sectors,Million Kilowatthours
WDETPUS,200603,3201.388,8,Electricity Net Generation From Wood, All Sectors,Million Kilowatthours
WDETPUS,200604,2980.116,8,Electricity Net Generation From Wood, All Sectors,Million Kilowatthours
WDETPUS,200605,3039.296,8,Electricity Net Generation From Wood, All Sectors,Million Kilowatthours
WDETPUS,200606,3133.77,8,Electricity Net Generation From Wood, All Sectors,Million Kilowatthours
WDETPUS,200607,3444.309,8,Electricity Net Generation From Wood, All Sectors,Million Kilowatthours
WDETPUS,200608,3477.913,8,Electricity Net Generation From Wood, All Sectors,Million Kilowatthours
WDETPUS,200609,3260.169,8,Electricity Net Generation From Wood, All Sectors,Million Kilowatthours
WDETPUS,200610,3212.569,8,Electricity Net Generation From Wood, All Sectors,Million Kilowatthours
WDETPUS,200611,3181.931,8,Electricity Net Generation From Wood, All Sectors,Million Kilowatthours
WDETPUS,200612,3357.661,8,Electricity Net Generation From Wood, All Sectors,Million Kilowatthours
WDETPUS,200613,38762.096,8,Electricity Net Generation From Wood, All Sectors,Million Kilowatthours
WDETPUS,200701,3536.108,8,Electricity Net Generation From Wood, All Sectors,Million Kilowatthours
WDETPUS,200702,3015.127,8,Electricity Net Generation From Wood, All Sectors,Million Kilowatthours
WDETPUS,200703,3105.695,8,Electricity Net Generation From Wood, All Sectors,Million Kilowatthours
WDETPUS,200704,3055.239,8,Electricity Net Generation From Wood, All Sectors,Million Kilowatthours
WDETPUS,200705,3081.027,8,Electricity Net Generation From Wood, All Sectors,Million Kilowatthours
WDETPUS,200706,3213.441,8,Electricity Net Generation From Wood, All Sectors,Million Kilowatthours
WDETPUS,200707,3433.635,8,Electricity Net Generation From Wood, All Sectors,Million Kilowatthours
WDETPUS,200708,3426.035,8,Electricity Net Generation From Wood, All Sectors,Million Kilowatthours
WDETPUS,200709,3289.762,8,Electricity Net Generation From Wood, All Sectors,Million Kilowatthours
WDETPUS,200710,3245.601,8,Electricity Net Generation From Wood, All Sectors,Million Kilowatthours
WDETPUS,200711,3273.318,8,Electricity Net Generation From Wood, All Sectors,Million Kilowatthours
WDETPUS,200712,3339.037,8,Electricity Net Generation From Wood, All Sectors,Million Kilowatthours
WDETPUS,200713,39014.024,8,Electricity Net Generation From Wood, All Sectors,Million Kilowatthours
WDETPUS,200801,3337.739,8,Electricity Net Generation From Wood, All Sectors,Million Kilowatthours
WDETPUS,200802,3010.026,8,Electricity Net Generation From Wood, All Sectors,Million Kilowatthours
WDETPUS,200803,3123.216,8,Electricity Net Generation From Wood, All Sectors,Million Kilowatthours
WDETPUS,200804,2929.938,8,Electricity Net Generation From Wood, All Sectors,Million Kilowatthours
WDETPUS,200805,2926.978,8,Electricity Net Generation From Wood, All Sectors,Million Kilowatthours
WDETPUS,200806,3114.106,8,Electricity Net Generation From Wood, All Sectors,Million Kilowatthours
WDETPUS,200807,3326.752,8,Electricity Net Generation From Wood, All Sectors,Million Kilowatthours
WDETPUS,200808,3342.45,8,Electricity Net Generation From Wood, All Sectors,Million Kilowatthours
WDETPUS,200809,3059.171,8,Electricity Net Generation From Wood, All Sectors,Million Kilowatthours
WDETPUS,200810,3063.953,8,Electricity Net Generation From Wood, All Sectors,Million Kilowatthours
WDETPUS,200811,3077.395,8,Electricity Net Generation From Wood, All Sectors,Million Kilowatthours
WDETPUS,200812,2988.131,8,Electricity Net Generation From Wood, All Sectors,Million Kilowatthours
WDETPUS,200813,37299.853,8,Electricity Net Generation From Wood, All Sectors,Million Kilowatthours
WDETPUS,200901,3030.141,8,Electricity Net Generation From Wood, All Sectors,Million Kilowatthours
WDETPUS,200902,2822.827,8,Electricity Net Generation From Wood, All Sectors,Million Kilowatthours
WDETPUS,200903,2918.935,8,Electricity Net Generation From Wood, All Sectors,Million Kilowatthours
WDETPUS,200904,2664.371,8,Electricity Net Generation From Wood, All Sectors,Million Kilowatthours
WDETPUS,200905,2734.677,8,Electricity Net Generation From Wood, All Sectors,Million Kilowatthours
WDETPUS,200906,2997.452,8,Electricity Net Generation From Wood, All Sectors,Million Kilowatthours
WDETPUS,200907,3227.118,8,Electricity Net Generation From Wood, All Sectors,Million Kilowatthours
WDETPUS,200908,3355.135,8,Electricity Net Generation From Wood, All Sectors,Million Kilowatthours
WDETPUS,200909,3060.667,8,Electricity Net Generation From Wood, All Sectors,Million Kilowatthours
WDETPUS,200910,3032.086,8,Electricity Net Generation From Wood, All Sectors,Million Kilowatthours
WDETPUS,200911,3048.911,8,Electricity Net Generation From Wood, All Sectors,Million Kilowatthours
WDETPUS,200912,3157.818,8,Electricity Net Generation From Wood, All Sectors,Million Kilowatthours
WDETPUS,200913,36050.138,8,Electricity Net Generation From Wood, All Sectors,Million Kilowatthours
WDETPUS,201001,3126.163,8,Electricity Net Generation From Wood, All Sectors,Million Kilowatthours
WDETPUS,201002,2894.564,8,Electricity Net Generation From Wood, All Sectors,Million Kilowatthours
WDETPUS,201003,3090.278,8,Electricity Net Generation From Wood, All Sectors,Million Kilowatthours
WDETPUS,201004,2932.095,8,Electricity Net Generation From Wood, All Sectors,Million Kilowatthours
WDETPUS,201005,2892.948,8,Electricity Net Generation From Wood, All Sectors,Million Kilowatthours
WDETPUS,201006,3093.706,8,Electricity Net Generation From Wood, All Sectors,Million Kilowatthours
WDETPUS,201007,3308.174,8,Electricity Net Generation From Wood, All Sectors,Million Kilowatthours
WDETPUS,201008,3318.726,8,Electricity Net Generation From Wood, All Sectors,Million Kilowatthours
WDETPUS,201009,3157.071,8,Electricity Net Generation From Wood, All Sectors,Million Kilowatthours
WDETPUS,201010,3002.77,8,Electricity Net Generation From Wood, All Sectors,Million Kilowatthours
WDETPUS,201011,3080.205,8,Electricity Net Generation From Wood, All Sectors,Million Kilowatthours
WDETPUS,201012,3275.46,8,Electricity Net Generation From Wood, All Sectors,Million Kilowatthours
WDETPUS,201013,37172.16,8,Electricity Net Generation From Wood, All Sectors,Million Kilowatthours
WDETPUS,201101,3289.926,8,Electricity Net Generation From Wood, All Sectors,Million Kilowatthours
WDETPUS,201102,2937.029,8,Electricity Net Generation From Wood, All Sectors,Million Kilowatthours
WDETPUS,201103,3080.551,8,Electricity Net Generation From Wood, All Sectors,Million Kilowatthours
WDETPUS,201104,2797.961,8,Electricity Net Generation From Wood, All Sectors,Million Kilowatthours
WDETPUS,201105,2794.342,8,Electricity Net Generation From Wood, All Sectors,Million Kilowatthours
WDETPUS,201106,3230.061,8,Electricity Net Generation From Wood, All Sectors,Million Kilowatthours
WDETPUS,201107,3361.934,8,Electricity Net Generation From Wood, All Sectors,Million Kilowatthours
WDETPUS,201108,3383.756,8,Electricity Net Generation From Wood, All Sectors,Million Kilowatthours
WDETPUS,201109,3178.464,8,Electricity Net Generation From Wood, All Sectors,Million Kilowatthours
WDETPUS,201110,2953.911,8,Electricity Net Generation From Wood, All Sectors,Million Kilowatthours
WDETPUS,201111,3087.888,8,Electricity Net Generation From Wood, All Sectors,Million Kilowatthours
WDETPUS,201112,3353.243,8,Electricity Net Generation From Wood, All Sectors,Million Kilowatthours
WDETPUS,201113,37449.067,8,Electricity Net Generation From Wood, All Sectors,Million Kilowatthours
WDETPUS,201201,3313.682,8,Electricity Net Generation From Wood, All Sectors,Million Kilowatthours
WDETPUS,201202,3111.455,8,Electricity Net Generation From Wood, All Sectors,Million Kilowatthours
WDETPUS,201203,3033.985,8,Electricity Net Generation From Wood, All Sectors,Million Kilowatthours
WDETPUS,201204,2703.907,8,Electricity Net Generation From Wood, All Sectors,Million Kilowatthours
WDETPUS,201205,2937.316,8,Electricity Net Generation From Wood, All Sectors,Million Kilowatthours
WDETPUS,201206,3081.189,8,Electricity Net Generation From Wood, All Sectors,Million Kilowatthours
WDETPUS,201207,3351.847,8,Electricity Net Generation From Wood, All Sectors,Million Kilowatthours
WDETPUS,201208,3370.279,8,Electricity Net Generation From Wood, All Sectors,Million Kilowatthours
WDETPUS,201209,3227.466,8,Electricity Net Generation From Wood, All Sectors,Million Kilowatthours
WDETPUS,201210,3112.879,8,Electricity Net Generation From Wood, All Sectors,Million Kilowatthours
WDETPUS,201211,3190.3,8,Electricity Net Generation From Wood, All Sectors,Million Kilowatthours
WDETPUS,201212,3364.827,8,Electricity Net Generation From Wood, All Sectors,Million Kilowatthours
WDETPUS,201213,37799.129,8,Electricity Net Generation From Wood, All Sectors,Million Kilowatthours
WDETPUS,201301,3399.749,8,Electricity Net Generation From Wood, All Sectors,Million Kilowatthours
WDETPUS,201302,3083.028,8,Electricity Net Generation From Wood, All Sectors,Million Kilowatthours
WDETPUS,201303,3299.772,8,Electricity Net Generation From Wood, All Sectors,Million Kilowatthours
WDETPUS,201304,2863.139,8,Electricity Net Generation From Wood, All Sectors,Million Kilowatthours
WDETPUS,201305,3173.934,8,Electricity Net Generation From Wood, All Sectors,Million Kilowatthours
WDETPUS,201306,3330.231,8,Electricity Net Generation From Wood, All Sectors,Million Kilowatthours
WDETPUS,201307,3536.197,8,Electricity Net Generation From Wood, All Sectors,Million Kilowatthours
WDETPUS,201308,3634.034,8,Electricity Net Generation From Wood, All Sectors,Million Kilowatthours
WDETPUS,201309,3353.389,8,Electricity Net Generation From Wood, All Sectors,Million Kilowatthours
WDETPUS,201310,3340.975,8,Electricity Net Generation From Wood, All Sectors,Million Kilowatthours
WDETPUS,201311,3407.005,8,Electricity Net Generation From Wood, All Sectors,Million Kilowatthours
WDETPUS,201312,3606.085,8,Electricity Net Generation From Wood, All Sectors,Million Kilowatthours
WDETPUS,201313,40027.537,8,Electricity Net Generation From Wood, All Sectors,Million Kilowatthours
WDETPUS,201401,3626.348,8,Electricity Net Generation From Wood, All Sectors,Million Kilowatthours
WDETPUS,201402,3264.603,8,Electricity Net Generation From Wood, All Sectors,Million Kilowatthours
WDETPUS,201403,3609.094,8,Electricity Net Generation From Wood, All Sectors,Million Kilowatthours
WDETPUS,201404,3230.046,8,Electricity Net Generation From Wood, All Sectors,Million Kilowatthours
WDETPUS,201405,3289.759,8,Electricity Net Generation From Wood, All Sectors,Million Kilowatthours
WDETPUS,201406,3622.271,8,Electricity Net Generation From Wood, All Sectors,Million Kilowatthours
WDETPUS,201407,3807.424,8,Electricity Net Generation From Wood, All Sectors,Million Kilowatthours
WDETPUS,201408,3761.241,8,Electricity Net Generation From Wood, All Sectors,Million Kilowatthours
WDETPUS,201409,3462.226,8,Electricity Net Generation From Wood, All Sectors,Million Kilowatthours
WDETPUS,201410,3422.229,8,Electricity Net Generation From Wood, All Sectors,Million Kilowatthours
WDETPUS,201411,3507.919,8,Electricity Net Generation From Wood, All Sectors,Million Kilowatthours
WDETPUS,201412,3736.565,8,Electricity Net Generation From Wood, All Sectors,Million Kilowatthours
WDETPUS,201413,42339.725,8,Electricity Net Generation From Wood, All Sectors,Million Kilowatthours
WDETPUS,201501,3716.868,8,Electricity Net Generation From Wood, All Sectors,Million Kilowatthours
WDETPUS,201502,3371.942,8,Electricity Net Generation From Wood, All Sectors,Million Kilowatthours
WDETPUS,201503,3456.839,8,Electricity Net Generation From Wood, All Sectors,Million Kilowatthours
WDETPUS,201504,3246.405,8,Electricity Net Generation From Wood, All Sectors,Million Kilowatthours
WDETPUS,201505,3337.808,8,Electricity Net Generation From Wood, All Sectors,Million Kilowatthours
WDETPUS,201506,3496.103,8,Electricity Net Generation From Wood, All Sectors,Million Kilowatthours
WDETPUS,201507,3806.479,8,Electricity Net Generation From Wood, All Sectors,Million Kilowatthours
WDETPUS,201508,3788.241,8,Electricity Net Generation From Wood, All Sectors,Million Kilowatthours
WDETPUS,201509,3450.341,8,Electricity Net Generation From Wood, All Sectors,Million Kilowatthours
WDETPUS,201510,3252.216,8,Electricity Net Generation From Wood, All Sectors,Million Kilowatthours
WDETPUS,201511,3417.873,8,Electricity Net Generation From Wood, All Sectors,Million Kilowatthours
WDETPUS,201512,3587.391,8,Electricity Net Generation From Wood, All Sectors,Million Kilowatthours
WDETPUS,201513,41928.506,8,Electricity Net Generation From Wood, All Sectors,Million Kilowatthours
WDETPUS,201601,3600.264,8,Electricity Net Generation From Wood, All Sectors,Million Kilowatthours
WDETPUS,201602,3406.39,8,Electricity Net Generation From Wood, All Sectors,Million Kilowatthours
WDETPUS,201603,3402.833,8,Electricity Net Generation From Wood, All Sectors,Million Kilowatthours
WDETPUS,201604,2967.005,8,Electricity Net Generation From Wood, All Sectors,Million Kilowatthours
WDETPUS,201605,3187.128,8,Electricity Net Generation From Wood, All Sectors,Million Kilowatthours
WDETPUS,201606,3413.563,8,Electricity Net Generation From Wood, All Sectors,Million Kilowatthours
WDETPUS,201607,3657.698,8,Electricity Net Generation From Wood, All Sectors,Million Kilowatthours
WDETPUS,201608,3722.236,8,Electricity Net Generation From Wood, All Sectors,Million Kilowatthours
WDETPUS,201609,3407.358,8,Electricity Net Generation From Wood, All Sectors,Million Kilowatthours
WDETPUS,201610,3176.083,8,Electricity Net Generation From Wood, All Sectors,Million Kilowatthours
WDETPUS,201611,3391.222,8,Electricity Net Generation From Wood, All Sectors,Million Kilowatthours
WDETPUS,201612,3615.449,8,Electricity Net Generation From Wood, All Sectors,Million Kilowatthours
WDETPUS,201613,40947.227,8,Electricity Net Generation From Wood, All Sectors,Million Kilowatthours
WDETPUS,201701,3502.178,8,Electricity Net Generation From Wood, All Sectors,Million Kilowatthours
WDETPUS,201702,3185.521,8,Electricity Net Generation From Wood, All Sectors,Million Kilowatthours
WDETPUS,201703,3455.802,8,Electricity Net Generation From Wood, All Sectors,Million Kilowatthours
WDETPUS,201704,3146.376,8,Electricity Net Generation From Wood, All Sectors,Million Kilowatthours
WDETPUS,201705,3188.454,8,Electricity Net Generation From Wood, All Sectors,Million Kilowatthours
WDETPUS,201706,3437.011,8,Electricity Net Generation From Wood, All Sectors,Million Kilowatthours
WDETPUS,201707,3702.896,8,Electricity Net Generation From Wood, All Sectors,Million Kilowatthours
WDETPUS,201708,3750.568,8,Electricity Net Generation From Wood, All Sectors,Million Kilowatthours
WDETPUS,201709,3291.751,8,Electricity Net Generation From Wood, All Sectors,Million Kilowatthours
WDETPUS,201710,3303.263,8,Electricity Net Generation From Wood, All Sectors,Million Kilowatthours
WDETPUS,201711,3426.085,8,Electricity Net Generation From Wood, All Sectors,Million Kilowatthours
WDETPUS,201712,3733.613,8,Electricity Net Generation From Wood, All Sectors,Million Kilowatthours
WDETPUS,201713,41123.518,8,Electricity Net Generation From Wood, All Sectors,Million Kilowatthours
WDETPUS,201801,3685.99,8,Electricity Net Generation From Wood, All Sectors,Million Kilowatthours
WDETPUS,201802,3234.951,8,Electricity Net Generation From Wood, All Sectors,Million Kilowatthours
WDETPUS,201803,3547.442,8,Electricity Net Generation From Wood, All Sectors,Million Kilowatthours
WDETPUS,201804,3101.87,8,Electricity Net Generation From Wood, All Sectors,Million Kilowatthours
WDETPUS,201805,3351.715,8,Electricity Net Generation From Wood, All Sectors,Million Kilowatthours
WDETPUS,201806,3470.749,8,Electricity Net Generation From Wood, All Sectors,Million Kilowatthours
WDETPUS,201807,3749.456,8,Electricity Net Generation From Wood, All Sectors,Million Kilowatthours
WDETPUS,201808,3629.802,8,Electricity Net Generation From Wood, All Sectors,Million Kilowatthours
WDETPUS,201809,3280.616,8,Electricity Net Generation From Wood, All Sectors,Million Kilowatthours
WDETPUS,201810,3215.944,8,Electricity Net Generation From Wood, All Sectors,Million Kilowatthours
WDETPUS,201811,3263.571,8,Electricity Net Generation From Wood, All Sectors,Million Kilowatthours
WDETPUS,201812,3404.054,8,Electricity Net Generation From Wood, All Sectors,Million Kilowatthours
WDETPUS,201813,40936.159,8,Electricity Net Generation From Wood, All Sectors,Million Kilowatthours
WDETPUS,201901,3465.284,8,Electricity Net Generation From Wood, All Sectors,Million Kilowatthours
WDETPUS,201902,3042.253,8,Electricity Net Generation From Wood, All Sectors,Million Kilowatthours
WDETPUS,201903,3216.638,8,Electricity Net Generation From Wood, All Sectors,Million Kilowatthours
WDETPUS,201904,2807.175,8,Electricity Net Generation From Wood, All Sectors,Million Kilowatthours
WDETPUS,201905,3050.619,8,Electricity Net Generation From Wood, All Sectors,Million Kilowatthours
WDETPUS,201906,3158.713,8,Electricity Net Generation From Wood, All Sectors,Million Kilowatthours
WDETPUS,201907,3498.409,8,Electricity Net Generation From Wood, All Sectors,Million Kilowatthours
WDETPUS,201908,3538.62,8,Electricity Net Generation From Wood, All Sectors,Million Kilowatthours
WDETPUS,201909,3210.845,8,Electricity Net Generation From Wood, All Sectors,Million Kilowatthours
WDETPUS,201910,3062.939,8,Electricity Net Generation From Wood, All Sectors,Million Kilowatthours
WDETPUS,201911,3136.843,8,Electricity Net Generation From Wood, All Sectors,Million Kilowatthours
WDETPUS,201912,3355.044,8,Electricity Net Generation From Wood, All Sectors,Million Kilowatthours
WDETPUS,201913,38543.382,8,Electricity Net Generation From Wood, All Sectors,Million Kilowatthours
WDETPUS,202001,3326.081,8,Electricity Net Generation From Wood, All Sectors,Million Kilowatthours
WDETPUS,202002,3119.953,8,Electricity Net Generation From Wood, All Sectors,Million Kilowatthours
WDETPUS,202003,3170.138,8,Electricity Net Generation From Wood, All Sectors,Million Kilowatthours
WDETPUS,202004,2843.801,8,Electricity Net Generation From Wood, All Sectors,Million Kilowatthours
WDETPUS,202005,2918.802,8,Electricity Net Generation From Wood, All Sectors,Million Kilowatthours
WDETPUS,202006,2822.908,8,Electricity Net Generation From Wood, All Sectors,Million Kilowatthours
WDETPUS,202007,3022.18,8,Electricity Net Generation From Wood, All Sectors,Million Kilowatthours
WDETPUS,202008,3159.941,8,Electricity Net Generation From Wood, All Sectors,Million Kilowatthours
WDETPUS,202009,2895.426,8,Electricity Net Generation From Wood, All Sectors,Million Kilowatthours
WDETPUS,202010,2840.222,8,Electricity Net Generation From Wood, All Sectors,Million Kilowatthours
WDETPUS,202011,2951.334,8,Electricity Net Generation From Wood, All Sectors,Million Kilowatthours
WDETPUS,202012,3148.157,8,Electricity Net Generation From Wood, All Sectors,Million Kilowatthours
WDETPUS,202013,36218.943,8,Electricity Net Generation From Wood, All Sectors,Million Kilowatthours
WDETPUS,202101,3228.902,8,Electricity Net Generation From Wood, All Sectors,Million Kilowatthours
WDETPUS,202102,2859.182,8,Electricity Net Generation From Wood, All Sectors,Million Kilowatthours
WDETPUS,202103,3108.433,8,Electricity Net Generation From Wood, All Sectors,Million Kilowatthours
WDETPUS,202104,2784.988,8,Electricity Net Generation From Wood, All Sectors,Million Kilowatthours
WDETPUS,202105,2966.397,8,Electricity Net Generation From Wood, All Sectors,Million Kilowatthours
WDETPUS,202106,3087.725,8,Electricity Net Generation From Wood, All Sectors,Million Kilowatthours
WDETPUS,202107,3248.116,8,Electricity Net Generation From Wood, All Sectors,Million Kilowatthours
WDETPUS,202108,3314.672,8,Electricity Net Generation From Wood, All Sectors,Million Kilowatthours
WDETPUS,202109,3005.47,8,Electricity Net Generation From Wood, All Sectors,Million Kilowatthours
WDETPUS,202110,2835.164,8,Electricity Net Generation From Wood, All Sectors,Million Kilowatthours
WDETPUS,202111,2890.035,8,Electricity Net Generation From Wood, All Sectors,Million Kilowatthours
WDETPUS,202112,3133.588,8,Electricity Net Generation From Wood, All Sectors,Million Kilowatthours
WDETPUS,202113,36462.673,8,Electricity Net Generation From Wood, All Sectors,Million Kilowatthours
WDETPUS,202201,3089.118,8,Electricity Net Generation From Wood, All Sectors,Million Kilowatthours
WDETPUS,202202,2980.94,8,Electricity Net Generation From Wood, All Sectors,Million Kilowatthours
WDETPUS,202203,3012.143,8,Electricity Net Generation From Wood, All Sectors,Million Kilowatthours
WDETPUS,202204,2730.836,8,Electricity Net Generation From Wood, All Sectors,Million Kilowatthours
WDETPUS,202205,3051.998,8,Electricity Net Generation From Wood, All Sectors,Million Kilowatthours
WDETPUS,202206,3243.644,8,Electricity Net Generation From Wood, All Sectors,Million Kilowatthours
WDETPUS,202207,3482.553,8,Electricity Net Generation From Wood, All Sectors,Million Kilowatthours
WDETPUS,202208,3355.693,8,Electricity Net Generation From Wood, All Sectors,Million Kilowatthours
WDETPUS,202209,2891.532,8,Electricity Net Generation From Wood, All Sectors,Million Kilowatthours
WDETPUS,202210,2649.35,8,Electricity Net Generation From Wood, All Sectors,Million Kilowatthours
WDETPUS,202211,3004.351,8,Electricity Net Generation From Wood, All Sectors,Million Kilowatthours
